Customer ID,Total_Sales,Total_Orders,Total_Profit,Total_Quantity,Customer Segment
CUST1001,9289.91,4,1835.71,5,Medium Value
CUST1002,6436.66,5,1491.26,7,Medium Value
CUST1003,25008.77,9,4855.4400000000005,12,High Value
CUST1004,9026.36,6,1823.69,11,Medium Value
CUST1005,9130.53,3,2275.23,4,Medium Value
CUST1006,20871.97,6,3912.17,14,High Value
CUST1007,1876.05,1,472.0,4,Low Value
CUST1008,13527.519999999999,3,2156.48,6,Medium Value
CUST1009,15552.66,4,2766.99,7,High Value
CUST1010,18166.67,8,3891.21,17,High Value
CUST1011,8824.9,5,1737.58,7,Medium Value
CUST1012,14695.810000000001,5,3946.31,13,High Value
CUST1013,11614.4,7,2691.2799999999997,15,Medium Value
CUST1014,3292.71,2,609.02,2,Low Value
CUST1015,7758.22,4,1611.44,9,Medium Value
CUST1016,12199.85,5,2398.34,8,Medium Value
CUST1017,14810.05,6,3488.22,12,High Value
CUST1018,3008.29,2,626.62,3,Low Value
CUST1019,10702.68,4,2581.27,7,Medium Value
CUST1020,13297.69,5,3360.8900000000003,10,Medium Value
CUST1021,9299.380000000001,4,2579.9700000000003,8,Medium Value
CUST1022,8802.31,5,2345.95,6,Medium Value
CUST1023,5726.31,2,1303.72,4,Medium Value
CUST1024,9720.15,3,1624.33,6,Medium Value
CUST1025,12415.11,6,2590.44,9,Medium Value
CUST1026,16771.66,7,3672.46,13,High Value
CUST1027,20009.54,5,3793.0,9,High Value
CUST1028,16281.15,5,3220.27,11,High Value
CUST1029,19290.25,6,4232.57,11,High Value
CUST1030,3171.07,3,573.95,4,Low Value
CUST1031,13391.279999999999,5,3608.05,14,Medium Value
CUST1032,1554.88,1,359.15,2,Low Value
CUST1033,2836.42,2,839.36,6,Low Value
CUST1034,692.09,1,223.55,1,Low Value
CUST1035,4106.01,4,1052.5,4,Low Value
CUST1036,5320.34,5,1417.21,9,Medium Value
CUST1037,16155.529999999999,6,4012.33,13,High Value
CUST1038,13098.76,5,2258.42,9,Medium Value
CUST1039,2251.54,3,544.31,3,Low Value
CUST1040,16214.269999999999,6,3066.06,16,High Value
CUST1041,11875.150000000001,3,2192.57,8,Medium Value
CUST1042,2591.56,3,644.11,3,Low Value
CUST1043,16691.06,7,3092.0,11,High Value
CUST1044,4381.68,3,909.29,3,Low Value
CUST1045,6949.040000000001,3,1440.7800000000002,4,Medium Value
CUST1046,1311.4,2,345.41999999999996,2,Low Value
CUST1047,15341.16,6,3794.17,14,High Value
CUST1048,2245.75,3,712.34,6,Low Value
CUST1049,3212.26,1,429.5,3,Low Value
CUST1050,4992.47,2,1342.62,5,Low Value
CUST1051,9771.63,5,2300.43,10,Medium Value
CUST1052,6397.59,4,1786.3700000000001,7,Medium Value
CUST1053,3977.77,3,635.36,3,Low Value
CUST1054,5893.29,5,1633.34,6,Medium Value
CUST1055,8059.77,3,2152.31,7,Medium Value
CUST1056,2291.12,3,579.63,3,Low Value
CUST1057,21729.54,5,4728.14,13,High Value
CUST1058,4578.34,3,1202.3,3,Low Value
CUST1059,9847.43,4,2281.41,8,Medium Value
CUST1060,4412.59,3,1158.33,7,Low Value
CUST1061,3012.58,3,814.95,7,Low Value
CUST1062,7771.950000000001,3,1700.6799999999998,5,Medium Value
CUST1063,23402.12,6,5369.5,18,High Value
CUST1064,14350.64,4,2945.04,9,High Value
CUST1065,21249.45,5,5053.1,11,High Value
CUST1066,14101.84,4,2846.92,5,Medium Value
CUST1067,14248.220000000001,3,2129.5099999999998,7,Medium Value
CUST1068,13098.78,7,3122.37,12,Medium Value
CUST1069,7952.57,6,1501.72,8,Medium Value
CUST1070,5565.92,3,1073.25,5,Medium Value
CUST1071,8005.76,6,1783.08,8,Medium Value
CUST1072,24324.63,8,4864.32,20,High Value
CUST1073,10508.41,3,2328.97,6,Medium Value
CUST1074,2309.72,1,449.66,2,Low Value
CUST1075,3623.4300000000003,3,991.95,5,Low Value
CUST1076,6635.28,2,1487.15,2,Medium Value
CUST1077,5662.0,4,1422.47,5,Medium Value
CUST1078,8280.31,4,2055.24,10,Medium Value
CUST1079,26942.32,7,5931.12,13,High Value
CUST1080,8893.9,2,2231.33,5,Medium Value
CUST1081,4331.53,1,892.48,1,Low Value
CUST1082,14209.91,5,3313.89,8,Medium Value
CUST1083,12980.63,3,2674.17,6,Medium Value
CUST1084,10734.94,5,2405.66,9,Medium Value
CUST1085,3476.73,2,1128.86,4,Low Value
CUST1086,4363.18,4,1232.22,8,Low Value
CUST1087,9466.400000000001,5,1841.38,9,Medium Value
CUST1088,12930.41,4,3275.48,10,Medium Value
CUST1089,3678.85,2,1004.49,3,Low Value
CUST1090,929.84,1,217.96,2,Low Value
CUST1091,1560.49,1,330.93,2,Low Value
CUST1092,8285.02,3,1197.7,8,Medium Value
CUST1093,11034.61,4,2515.02,7,Medium Value
CUST1094,10214.94,4,2699.85,8,Medium Value
CUST1095,27477.020000000004,5,5853.35,10,High Value
CUST1096,9770.41,5,1639.27,9,Medium Value
CUST1097,18450.72,6,3832.17,13,High Value
CUST1098,2414.18,3,586.45,6,Low Value
CUST1099,4102.37,3,1016.89,5,Low Value
CUST1100,17425.95,6,3500.26,8,High Value
CUST1101,10913.26,8,2690.69,12,Medium Value
CUST1102,1555.9,1,405.24,3,Low Value
CUST1103,8170.99,4,1801.46,5,Medium Value
CUST1104,3242.4300000000003,3,870.17,5,Low Value
CUST1105,14775.91,5,3822.4899999999993,9,High Value
CUST1107,20854.05,9,4179.83,14,High Value
CUST1108,461.96,1,115.67,1,Low Value
CUST1109,5963.92,3,1332.15,5,Medium Value
CUST1110,7160.11,1,2075.23,3,Medium Value
CUST1111,3522.8199999999997,2,951.19,3,Low Value
CUST1112,12055.26,7,2746.33,11,Medium Value
CUST1113,9311.34,5,2015.83,6,Medium Value
CUST1114,2478.08,3,775.75,4,Low Value
CUST1115,6084.15,2,1345.74,4,Medium Value
CUST1116,9523.36,4,2711.14,10,Medium Value
CUST1117,7739.06,6,1918.38,11,Medium Value
CUST1118,2993.24,2,698.75,2,Low Value
CUST1119,18997.1,9,3975.51,18,High Value
CUST1120,4044.67,1,793.14,2,Low Value
CUST1121,4888.81,3,1175.14,6,Low Value
CUST1122,21476.78,7,4830.5,14,High Value
CUST1123,3409.28,3,895.25,4,Low Value
CUST1124,4189.82,3,898.19,4,Low Value
CUST1125,17753.12,4,3045.92,10,High Value
CUST1126,8530.630000000001,7,1811.14,9,Medium Value
CUST1127,3169.5299999999997,2,523.49,2,Low Value
CUST1128,2623.2400000000002,4,670.23,4,Low Value
CUST1129,9645.3,7,2586.88,12,Medium Value
CUST1130,12269.3,5,2335.68,9,Medium Value
CUST1131,5153.16,2,816.39,2,Medium Value
CUST1132,25911.030000000002,7,4968.48,13,High Value
CUST1133,21525.56,6,5316.05,11,High Value
CUST1134,11162.060000000001,5,2763.11,10,Medium Value
CUST1135,13490.39,5,2721.6,9,Medium Value
CUST1136,3970.24,3,1011.07,6,Low Value
CUST1137,3970.12,3,1035.06,5,Low Value
CUST1138,14272.28,7,3132.12,11,High Value
CUST1139,5457.62,4,1514.95,8,Medium Value
CUST1140,14608.81,8,3596.88,16,High Value
CUST1141,5025.8,1,1291.88,4,Low Value
CUST1142,3976.39,2,1116.69,3,Low Value
CUST1143,9880.95,5,2617.8,8,Medium Value
CUST1144,14981.35,7,2612.27,9,High Value
CUST1145,6568.49,2,1023.61,4,Medium Value
CUST1146,3259.75,3,964.71,4,Low Value
CUST1147,8415.04,3,1835.63,6,Medium Value
CUST1148,7742.330000000001,4,1996.49,9,Medium Value
CUST1149,787.79,2,224.4,2,Low Value
CUST1150,2514.05,1,380.69,3,Low Value
CUST1151,4967.97,2,1157.48,4,Low Value
CUST1152,6631.04,3,1040.3,6,Medium Value
CUST1153,14849.39,5,3001.37,10,High Value
CUST1154,15956.17,4,3482.91,6,High Value
CUST1155,14861.05,8,3259.09,12,High Value
CUST1156,21049.51,8,4297.83,15,High Value
CUST1157,5519.19,3,1303.43,6,Medium Value
CUST1158,15917.53,7,4049.83,11,High Value
CUST1159,4362.43,2,791.01,2,Low Value
CUST1160,15660.58,6,3235.56,10,High Value
CUST1161,11863.78,3,2576.07,6,Medium Value
CUST1162,12816.58,4,2757.21,6,Medium Value
CUST1163,1182.94,1,228.28,1,Low Value
CUST1164,20854.870000000003,6,4401.26,13,High Value
CUST1165,9741.58,6,2377.6099999999997,8,Medium Value
CUST1166,8772.45,5,2104.63,8,Medium Value
CUST1167,1649.05,1,260.14,1,Low Value
CUST1168,2766.71,2,664.39,3,Low Value
CUST1169,18052.370000000003,5,3755.17,10,High Value
CUST1170,1551.3,2,253.0,2,Low Value
CUST1171,19116.97,6,4562.59,14,High Value
CUST1172,21119.85,9,3941.39,20,High Value
CUST1173,6255.570000000001,3,972.26,3,Medium Value
CUST1174,9966.47,5,2052.24,8,Medium Value
CUST1175,25363.79,7,4887.95,15,High Value
CUST1176,7740.709999999999,2,1116.83,4,Medium Value
CUST1177,23903.47,5,3936.21,14,High Value
CUST1178,9810.369999999999,6,2671.27,11,Medium Value
CUST1179,10693.1,5,2224.57,10,Medium Value
CUST1180,22351.56,6,5002.93,10,High Value
CUST1181,19129.6,3,3516.2799999999997,5,High Value
CUST1182,11712.76,5,2505.95,9,Medium Value
CUST1183,14829.63,4,2499.6099999999997,9,High Value
CUST1184,15116.3,6,3171.05,10,High Value
CUST1185,6477.47,3,1279.28,5,Medium Value
CUST1186,17133.65,7,3209.7,12,High Value
CUST1187,820.56,1,125.08,1,Low Value
CUST1188,2952.51,1,419.66,1,Low Value
CUST1189,6666.349999999999,2,1202.8,3,Medium Value
CUST1190,15615.77,3,3067.08,7,High Value
CUST1191,17320.84,5,3843.8500000000004,10,High Value
CUST1192,11777.41,4,2099.16,10,Medium Value
CUST1193,5018.28,4,1326.43,4,Low Value
CUST1194,6999.32,5,1680.1599999999999,6,Medium Value
CUST1195,9602.47,2,1871.26,5,Medium Value
CUST1196,18990.440000000002,6,4308.62,15,High Value
CUST1197,3002.33,1,810.55,5,Low Value
CUST1198,1923.85,2,667.09,3,Low Value
CUST1200,11403.07,4,3195.49,10,Medium Value
CUST1201,8854.18,5,1708.56,9,Medium Value
CUST1202,21770.96,6,4785.7,14,High Value
CUST1203,17847.02,8,4216.82,14,High Value
CUST1204,10483.24,5,2492.81,6,Medium Value
CUST1205,10642.26,5,2055.54,8,Medium Value
CUST1206,2837.7200000000003,4,805.93,5,Low Value
CUST1207,19629.39,6,3597.32,8,High Value
CUST1208,2085.52,1,308.48,2,Low Value
CUST1209,3918.8599999999997,3,1166.1499999999999,4,Low Value
CUST1210,15225.51,9,3751.3900000000003,17,High Value
CUST1211,5979.49,4,1659.93,7,Medium Value
CUST1212,7529.049999999999,3,1901.46,7,Medium Value
CUST1213,13278.78,7,3802.56,14,Medium Value
CUST1214,10769.68,7,2161.54,9,Medium Value
CUST1215,17398.58,4,3423.25,13,High Value
CUST1216,10628.18,3,2785.3900000000003,9,Medium Value
CUST1217,21100.43,7,3520.35,11,High Value
CUST1218,5915.49,4,1445.84,6,Medium Value
CUST1219,11037.17,3,1796.6100000000001,4,Medium Value
CUST1220,9365.74,5,2710.89,9,Medium Value
CUST1221,34387.229999999996,11,7103.41,23,High Value
CUST1222,14403.21,7,2961.56,13,High Value
CUST1223,5225.09,3,1057.67,6,Medium Value
CUST1225,7720.85,4,1658.7,11,Medium Value
CUST1226,5422.7,3,1126.37,4,Medium Value
CUST1227,3298.55,3,661.71,5,Low Value
CUST1228,14532.42,6,3082.43,12,High Value
CUST1229,1139.49,1,323.51,2,Low Value
CUST1230,7440.13,5,1881.08,7,Medium Value
CUST1231,5089.6,2,1236.43,3,Medium Value
CUST1232,1557.28,1,295.37,1,Low Value
CUST1233,9341.86,6,2161.37,7,Medium Value
CUST1234,21376.66,6,4563.2,10,High Value
CUST1235,3125.97,3,769.63,3,Low Value
CUST1236,3394.3199999999997,3,607.3,3,Low Value
CUST1237,15391.5,5,3208.88,12,High Value
CUST1238,2260.29,1,571.4,3,Low Value
CUST1239,11373.08,6,2241.14,10,Medium Value
CUST1240,3803.38,3,785.04,4,Low Value
CUST1241,21667.07,8,5615.42,14,High Value
CUST1242,9755.81,4,1808.72,6,Medium Value
CUST1243,6104.91,2,936.49,3,Medium Value
CUST1244,474.72,1,157.2,1,Low Value
CUST1245,11109.5,6,2593.91,9,Medium Value
CUST1246,13894.59,5,2466.34,10,Medium Value
CUST1247,18887.95,6,4383.92,11,High Value
CUST1248,10998.52,4,3308.99,12,Medium Value
CUST1249,6011.58,3,1409.37,8,Medium Value
CUST1250,9831.29,4,2368.3900000000003,14,Medium Value
CUST1251,4891.0,1,1228.17,4,Low Value
CUST1252,18028.98,2,3480.29,5,High Value
CUST1253,2418.5,3,694.46,3,Low Value
CUST1254,5227.290000000001,2,767.2,3,Medium Value
CUST1255,9775.05,3,1915.6399999999999,8,Medium Value
CUST1256,5112.3,3,881.04,3,Medium Value
CUST1257,3188.12,2,824.19,5,Low Value
CUST1258,16281.43,8,3622.21,15,High Value
CUST1259,9694.76,4,2192.36,6,Medium Value
CUST1260,7900.6,5,1653.94,8,Medium Value
CUST1261,8172.27,5,1606.33,7,Medium Value
CUST1262,20794.11,8,4994.44,13,High Value
CUST1263,7668.45,2,1364.4299999999998,4,Medium Value
CUST1264,14000.98,5,3220.1,11,Medium Value
CUST1265,7990.31,2,1627.0,3,Medium Value
CUST1266,7367.12,5,1568.4,9,Medium Value
CUST1267,10225.49,5,2568.16,8,Medium Value
CUST1268,11992.92,5,2682.61,11,Medium Value
CUST1269,8720.59,6,1851.44,13,Medium Value
CUST1270,19990.010000000002,6,4799.26,13,High Value
CUST1271,8392.09,5,2164.59,7,Medium Value
CUST1272,10984.31,4,3237.92,9,Medium Value
CUST1273,3477.5699999999997,3,764.58,3,Low Value
CUST1274,18457.510000000002,7,3729.32,12,High Value
CUST1275,7017.25,4,1503.6599999999999,6,Medium Value
CUST1276,25660.08,7,6020.92,13,High Value
CUST1277,7127.1,3,1258.3400000000001,4,Medium Value
CUST1278,5732.1900000000005,5,1205.92,5,Medium Value
CUST1279,2899.84,1,748.65,2,Low Value
CUST1280,20719.73,4,4290.49,9,High Value
CUST1282,1316.39,1,226.49,1,Low Value
CUST1283,20544.4,7,3993.5,9,High Value
CUST1284,2030.3600000000001,2,475.47999999999996,4,Low Value
CUST1285,14080.09,7,3238.84,12,Medium Value
CUST1286,2842.73,2,894.89,2,Low Value
CUST1287,8861.07,4,1937.9099999999999,8,Medium Value
CUST1288,6199.33,3,1173.45,4,Medium Value
CUST1289,16290.5,7,3765.88,15,High Value
CUST1290,7201.070000000001,3,1761.05,4,Medium Value
CUST1291,1742.8300000000002,2,420.76,2,Low Value
CUST1292,19447.18,4,4692.6,13,High Value
CUST1293,9590.060000000001,2,1870.47,3,Medium Value
CUST1294,17038.78,7,4061.92,12,High Value
CUST1295,12979.380000000001,6,2389.91,10,Medium Value
CUST1296,3292.6800000000003,3,859.18,4,Low Value
CUST1297,14210.6,3,2846.49,6,Medium Value
CUST1298,2789.14,3,756.6800000000001,3,Low Value
CUST1299,4844.110000000001,5,1176.15,7,Low Value
CUST1300,9303.11,6,1995.35,6,Medium Value
CUST1301,8092.2300000000005,4,1558.2,6,Medium Value
CUST1302,7991.16,3,1935.98,5,Medium Value
CUST1303,4351.73,3,1194.59,7,Low Value
CUST1304,7343.46,3,1618.73,6,Medium Value
CUST1305,13829.529999999999,6,3919.5,14,Medium Value
CUST1306,6797.2300000000005,5,1403.56,7,Medium Value
CUST1307,16268.49,9,3490.1600000000003,16,High Value
CUST1308,16244.17,6,3840.45,8,High Value
CUST1309,7693.84,2,1021.0500000000001,3,Medium Value
CUST1310,18804.920000000002,7,4788.7,15,High Value
CUST1311,8900.47,4,2029.95,6,Medium Value
CUST1312,1797.55,1,245.67,2,Low Value
CUST1313,16948.29,7,3251.53,9,High Value
CUST1314,38677.15,8,8196.93,23,High Value
CUST1315,10909.66,4,2304.09,8,Medium Value
CUST1316,11279.44,4,1770.53,8,Medium Value
CUST1317,10775.310000000001,2,2205.54,5,Medium Value
CUST1318,13735.0,9,3065.73,14,Medium Value
CUST1319,22627.27,8,5185.08,14,High Value
CUST1320,4299.35,5,929.48,7,Low Value
CUST1321,16187.929999999998,5,3862.1200000000003,8,High Value
CUST1322,14730.970000000001,5,3376.95,10,High Value
CUST1323,3072.31,3,658.58,4,Low Value
CUST1324,6518.42,6,1875.37,8,Medium Value
CUST1325,4705.33,4,937.95,6,Low Value
CUST1326,1154.4,1,373.6,2,Low Value
CUST1327,4513.8099999999995,4,1035.63,4,Low Value
CUST1328,8774.109999999999,4,1975.87,6,Medium Value
CUST1329,9502.24,5,2291.74,12,Medium Value
CUST1330,14102.67,3,3534.71,7,Medium Value
CUST1331,20143.79,5,4444.17,8,High Value
CUST1332,18202.739999999998,4,3986.36,10,High Value
CUST1333,21477.88,5,5324.849999999999,12,High Value
CUST1334,7328.38,3,1609.27,5,Medium Value
CUST1335,2604.78,1,436.35,2,Low Value
CUST1336,19119.07,4,3543.5099999999998,9,High Value
CUST1337,9604.66,2,1287.8899999999999,4,Medium Value
CUST1338,7161.46,5,1484.6799999999998,6,Medium Value
CUST1339,15692.63,9,4237.51,14,High Value
CUST1340,7585.860000000001,3,1581.99,6,Medium Value
CUST1341,9145.16,6,2408.62,7,Medium Value
CUST1342,11991.48,3,2112.57,7,Medium Value
CUST1343,2772.6800000000003,2,781.24,3,Low Value
CUST1344,29571.58,11,6738.68,20,High Value
CUST1345,66963.45,12,11345.64,33,High Value
CUST1346,4259.820000000001,4,1057.8799999999999,4,Low Value
CUST1347,2459.66,2,607.73,4,Low Value
CUST1348,5678.860000000001,2,1302.28,2,Medium Value
CUST1349,27694.28,7,6139.53,15,High Value
CUST1350,7142.83,4,1463.0900000000001,9,Medium Value
CUST1351,3567.66,3,995.06,6,Low Value
CUST1352,2098.13,2,584.21,3,Low Value
CUST1353,19745.27,9,3552.28,11,High Value
CUST1354,3337.1,3,775.5600000000001,4,Low Value
CUST1355,2803.85,2,738.8100000000001,3,Low Value
CUST1356,5565.57,4,1230.8500000000001,5,Medium Value
CUST1357,22325.84,7,4278.56,17,High Value
CUST1358,6889.82,3,1829.79,7,Medium Value
CUST1359,6857.19,3,1497.8899999999999,3,Medium Value
CUST1360,34056.4,7,6738.03,15,High Value
CUST1361,9185.79,4,1871.3600000000001,6,Medium Value
CUST1363,5137.53,3,1209.26,5,Medium Value
CUST1364,15634.22,7,3201.27,13,High Value
CUST1365,10260.29,5,2399.5,10,Medium Value
CUST1366,16414.46,7,3739.4,14,High Value
CUST1367,14742.18,9,3875.67,17,High Value
CUST1368,42349.03,8,8681.01,16,High Value
CUST1369,7564.55,2,1619.6999999999998,8,Medium Value
CUST1370,17880.47,5,5015.91,14,High Value
CUST1371,7923.22,3,1422.37,6,Medium Value
CUST1372,8544.26,4,1728.6,6,Medium Value
CUST1373,11325.85,3,2502.36,7,Medium Value
CUST1374,12492.23,3,2826.87,7,Medium Value
CUST1375,17555.42,3,3614.0299999999997,7,High Value
CUST1376,10493.3,9,2591.99,17,Medium Value
CUST1377,14221.55,5,3147.07,9,Medium Value
CUST1378,4567.49,2,796.75,6,Low Value
CUST1379,6138.1900000000005,4,958.23,5,Medium Value
CUST1380,4585.5,2,786.66,3,Low Value
CUST1381,22785.13,6,5264.759999999999,13,High Value
CUST1382,3272.1200000000003,3,819.99,7,Low Value
CUST1383,8910.58,4,1853.3400000000001,5,Medium Value
CUST1384,3917.0499999999997,4,1010.0,6,Low Value
CUST1385,15027.9,4,2796.23,5,High Value
CUST1386,15839.36,5,3849.54,10,High Value
CUST1387,5987.450000000001,4,1427.55,4,Medium Value
CUST1388,37662.23,8,7922.83,15,High Value
CUST1389,23283.13,5,4984.2,11,High Value
CUST1390,31040.33,11,4803.1900000000005,21,High Value
CUST1391,15288.670000000002,5,2694.82,9,High Value
CUST1392,19049.61,8,4059.12,12,High Value
CUST1393,13053.5,3,2647.05,6,Medium Value
CUST1394,11299.07,5,2429.28,7,Medium Value
CUST1395,25814.85,6,6042.389999999999,17,High Value
CUST1396,20897.21,3,4029.28,9,High Value
CUST1397,20835.86,10,4328.07,19,High Value
CUST1398,13481.99,3,2549.69,5,Medium Value
CUST1399,12448.73,2,1944.1799999999998,4,Medium Value
CUST1400,5232.44,2,1301.56,3,Medium Value
CUST1401,3509.7799999999997,2,677.49,3,Low Value
CUST1402,1896.1,1,182.18,2,Low Value
CUST1403,573.9,1,139.36,1,Low Value
CUST1404,5595.9,2,1188.99,4,Medium Value
CUST1405,10016.7,4,2150.86,6,Medium Value
CUST1406,10708.56,5,1878.3200000000002,10,Medium Value
CUST1407,3233.88,3,750.9,3,Low Value
CUST1408,2481.87,3,652.9,3,Low Value
CUST1409,5396.25,2,1054.94,2,Medium Value
CUST1410,10927.79,5,1925.1799999999998,10,Medium Value
CUST1411,2424.1,1,776.0,4,Low Value
CUST1412,19916.69,6,4436.62,14,High Value
CUST1413,4642.25,3,1162.66,3,Low Value
CUST1414,11652.81,4,3671.0499999999997,10,Medium Value
CUST1415,3978.2099999999996,3,1040.01,4,Low Value
CUST1416,4704.94,2,878.6700000000001,3,Low Value
CUST1417,22244.05,7,4351.31,17,High Value
CUST1418,2063.55,2,528.01,2,Low Value
CUST1419,15916.05,4,3517.3999999999996,10,High Value
CUST1420,33848.96,9,8036.3099999999995,19,High Value
CUST1421,1596.54,2,309.43,2,Low Value
CUST1422,13713.199999999999,6,2747.8900000000003,11,Medium Value
CUST1423,18998.72,6,3779.82,15,High Value
CUST1424,8580.56,6,1597.15,7,Medium Value
CUST1425,9514.5,5,1565.04,7,Medium Value
CUST1426,7011.38,3,1135.18,3,Medium Value
CUST1427,3012.35,1,583.83,1,Low Value
CUST1428,14176.939999999999,4,2579.6099999999997,10,Medium Value
CUST1429,5224.56,2,816.98,3,Medium Value
CUST1430,4656.97,2,1278.92,3,Low Value
CUST1431,5320.889999999999,4,1189.6399999999999,6,Medium Value
CUST1432,8063.94,3,1476.41,6,Medium Value
CUST1433,15393.130000000001,5,3761.58,9,High Value
CUST1434,5289.38,3,964.3499999999999,6,Medium Value
CUST1435,1031.09,2,278.23,2,Low Value
CUST1436,23832.7,4,3935.98,12,High Value
CUST1437,13112.92,6,3238.69,11,Medium Value
CUST1438,4192.48,3,1009.3000000000001,4,Low Value
CUST1439,6370.610000000001,3,1575.82,6,Medium Value
CUST1440,5693.22,2,1481.2199999999998,3,Medium Value
CUST1441,10284.04,4,1804.68,6,Medium Value
CUST1442,13108.36,6,2451.73,9,Medium Value
CUST1443,13483.47,4,3004.4,5,Medium Value
CUST1444,7540.16,3,1716.3799999999999,9,Medium Value
CUST1445,755.89,2,184.2,2,Low Value
CUST1446,8722.550000000001,6,2095.76,11,Medium Value
CUST1447,3266.55,1,482.17,1,Low Value
CUST1448,20051.38,4,3129.08,8,High Value
CUST1449,5912.69,5,1441.1100000000001,5,Medium Value
CUST1450,5737.24,5,1553.74,7,Medium Value
CUST1451,4903.01,3,1187.61,4,Low Value
CUST1452,3069.0,3,695.7,4,Low Value
CUST1453,19219.65,3,4274.83,6,High Value
CUST1454,17880.91,6,4094.54,12,High Value
CUST1455,28875.319999999996,6,6041.27,11,High Value
CUST1456,12479.560000000001,7,3159.46,11,Medium Value
CUST1457,12073.59,6,2940.52,7,Medium Value
CUST1458,7004.01,5,1682.83,5,Medium Value
CUST1459,9300.59,3,1281.61,6,Medium Value
CUST1460,13600.89,7,2657.11,12,Medium Value
CUST1461,9283.48,3,2159.33,7,Medium Value
CUST1462,1168.43,1,227.92,1,Low Value
CUST1464,20108.53,8,5031.75,15,High Value
CUST1465,3025.13,3,629.5999999999999,4,Low Value
CUST1466,9506.36,5,1955.95,7,Medium Value
CUST1467,3108.6499999999996,3,882.25,4,Low Value
CUST1468,2313.83,2,459.04999999999995,2,Low Value
CUST1469,3847.9399999999996,2,1109.48,8,Low Value
CUST1470,1663.5700000000002,2,447.76,2,Low Value
CUST1471,2127.81,1,583.45,3,Low Value
CUST1472,4686.48,2,886.23,2,Low Value
CUST1473,16202.7,4,3644.41,8,High Value
CUST1474,15974.95,3,3230.46,6,High Value
CUST1475,13190.62,6,3476.71,7,Medium Value
CUST1476,10308.95,4,2852.3,6,Medium Value
CUST1477,1601.73,2,404.37,2,Low Value
CUST1478,14521.66,4,3800.0499999999997,7,High Value
CUST1479,10734.11,4,2504.48,7,Medium Value
CUST1480,3884.4,4,817.09,4,Low Value
CUST1481,3436.0,3,1005.82,6,Low Value
CUST1482,6926.969999999999,4,1816.16,10,Medium Value
CUST1483,9544.42,1,2147.16,2,Medium Value
CUST1484,4012.75,3,716.5799999999999,4,Low Value
CUST1485,12819.55,5,2272.96,12,Medium Value
CUST1486,19390.53,4,4450.05,9,High Value
CUST1488,16416.030000000002,5,2913.34,10,High Value
CUST1489,10135.51,6,1975.0,10,Medium Value
CUST1490,5465.71,5,1063.4099999999999,6,Medium Value
CUST1491,11707.89,4,2891.81,7,Medium Value
CUST1492,1413.37,2,392.38,2,Low Value
CUST1493,5177.37,2,1424.48,5,Medium Value
CUST1494,8959.61,5,2199.94,6,Medium Value
CUST1495,9689.42,4,2666.88,7,Medium Value
CUST1496,12370.84,5,3033.07,10,Medium Value
CUST1497,21054.17,4,3664.9100000000003,9,High Value
CUST1498,10293.45,7,2871.58,9,Medium Value
CUST1499,22385.17,8,5164.42,20,High Value
CUST1500,7948.27,4,2075.9300000000003,7,Medium Value
CUST1501,4494.75,2,667.2,4,Low Value
CUST1502,19154.18,6,3162.64,11,High Value
CUST1503,4491.13,4,1087.53,4,Low Value
CUST1504,848.56,1,228.76,2,Low Value
CUST1505,10294.93,5,2586.5,8,Medium Value
CUST1506,5023.589999999999,3,915.8499999999999,3,Low Value
CUST1507,2150.54,2,622.4200000000001,2,Low Value
CUST1508,13321.89,2,2541.0,3,Medium Value
CUST1509,8628.98,3,2371.32,8,Medium Value
CUST1510,9074.77,4,1901.4699999999998,10,Medium Value
CUST1511,12593.42,7,2453.95,11,Medium Value
CUST1512,4509.76,4,1187.9,5,Low Value
CUST1513,6077.7699999999995,5,1572.9299999999998,7,Medium Value
CUST1514,23394.93,5,4414.469999999999,12,High Value
CUST1515,8220.279999999999,5,1982.41,8,Medium Value
CUST1516,4201.54,4,1108.48,6,Low Value
CUST1517,9044.83,7,2130.05,11,Medium Value
CUST1518,18761.88,8,4376.1900000000005,17,High Value
CUST1519,4310.64,2,1007.02,4,Low Value
CUST1520,8575.32,4,1880.52,10,Medium Value
CUST1521,9263.380000000001,8,2573.81,14,Medium Value
CUST1522,21458.79,7,4501.73,13,High Value
CUST1523,22603.35,5,5726.91,9,High Value
CUST1524,15498.01,5,3633.35,13,High Value
CUST1525,16041.31,6,3068.6400000000003,10,High Value
CUST1526,23133.899999999998,8,4379.13,15,High Value
CUST1527,13519.0,6,2638.2799999999997,13,Medium Value
CUST1528,17888.510000000002,7,4328.14,16,High Value
CUST1529,17066.42,4,3125.8399999999997,13,High Value
CUST1530,6535.71,5,1639.67,6,Medium Value
CUST1531,12143.01,8,3065.15,13,Medium Value
CUST1532,11004.3,2,3456.2599999999998,6,Medium Value
CUST1533,12988.94,6,3175.06,14,Medium Value
CUST1534,6770.1900000000005,5,1802.6499999999999,6,Medium Value
CUST1535,13315.119999999999,5,2032.42,8,Medium Value
CUST1536,8182.54,3,1497.54,7,Medium Value
CUST1537,9739.75,5,2506.7400000000002,9,Medium Value
CUST1538,10604.18,4,2257.19,8,Medium Value
CUST1539,3482.96,2,522.3,2,Low Value
CUST1540,7560.61,4,1459.21,6,Medium Value
CUST1541,10803.66,4,2080.35,10,Medium Value
CUST1542,11909.42,5,2400.92,12,Medium Value
CUST1543,20830.13,5,3536.32,10,High Value
CUST1544,5699.18,4,1214.66,5,Medium Value
CUST1545,9095.83,2,2498.65,7,Medium Value
CUST1546,2929.27,3,864.76,4,Low Value
CUST1547,3533.9700000000003,3,906.05,5,Low Value
CUST1548,21018.170000000002,7,5120.78,15,High Value
CUST1549,11335.29,3,2868.76,5,Medium Value
CUST1550,3662.24,3,1017.1199999999999,4,Low Value
CUST1551,3315.89,2,683.9000000000001,3,Low Value
CUST1552,6469.84,4,1109.96,4,Medium Value
CUST1553,10674.52,5,2327.55,9,Medium Value
CUST1554,19573.989999999998,5,3942.12,11,High Value
CUST1555,14738.18,4,3273.42,9,High Value
CUST1556,9347.94,2,2025.28,3,Medium Value
CUST1557,8634.32,3,2515.19,7,Medium Value
CUST1558,11531.96,4,2945.0,11,Medium Value
CUST1559,12975.619999999999,2,2375.0699999999997,5,Medium Value
CUST1560,16325.41,6,3068.27,13,High Value
CUST1561,9854.36,5,1674.23,5,Medium Value
CUST1562,1850.6599999999999,2,506.47,3,Low Value
CUST1563,6111.7699999999995,5,1530.03,6,Medium Value
CUST1564,10093.01,6,2286.02,12,Medium Value
CUST1565,21856.710000000003,3,4616.6,10,High Value
CUST1566,21941.24,5,4036.5499999999997,12,High Value
CUST1567,10232.7,3,1574.97,5,Medium Value
CUST1568,36220.48,7,7739.3,14,High Value
CUST1569,14326.53,5,2582.3,12,High Value
CUST1570,10105.34,5,2025.97,9,Medium Value
CUST1571,11997.759999999998,3,2680.1800000000003,8,Medium Value
CUST1572,2989.04,2,642.81,2,Low Value
CUST1573,15271.16,6,3510.08,12,High Value
CUST1574,16349.38,7,3329.52,10,High Value
CUST1575,29111.86,9,6845.65,22,High Value
CUST1576,23232.16,5,4354.54,14,High Value
CUST1577,26180.239999999998,4,4953.75,14,High Value
CUST1578,12994.32,5,2352.2599999999998,9,Medium Value
CUST1579,12859.460000000001,5,3580.7,11,Medium Value
CUST1580,3851.7900000000004,3,882.8199999999999,5,Low Value
CUST1581,12882.91,4,2303.38,6,Medium Value
CUST1582,25114.28,5,6021.82,10,High Value
CUST1583,5566.469999999999,2,1224.56,3,Medium Value
CUST1584,7102.110000000001,4,1497.82,8,Medium Value
CUST1586,1355.18,2,270.75,2,Low Value
CUST1587,1238.59,1,336.49,1,Low Value
CUST1588,11883.85,4,2561.1400000000003,7,Medium Value
CUST1589,29077.11,4,6110.76,8,High Value
CUST1590,10828.23,6,2310.28,9,Medium Value
CUST1591,8730.779999999999,4,1624.99,7,Medium Value
CUST1592,18731.53,5,3834.69,11,High Value
CUST1593,16251.32,9,3247.43,13,High Value
CUST1594,23148.46,6,4159.82,13,High Value
CUST1595,10867.140000000001,3,2473.13,6,Medium Value
CUST1596,12961.09,5,3258.02,11,Medium Value
CUST1597,14149.92,6,3111.87,12,Medium Value
CUST1598,2127.82,2,492.52,2,Low Value
CUST1599,3279.21,2,721.9200000000001,3,Low Value
CUST1600,7007.27,4,1282.2,6,Medium Value
CUST1601,7681.499999999999,3,1908.21,4,Medium Value
CUST1602,8818.57,6,1986.0,11,Medium Value
CUST1603,14848.16,5,4095.2400000000002,16,High Value
CUST1604,17865.87,8,3961.8399999999997,14,High Value
CUST1605,5539.56,5,1370.8600000000001,7,Medium Value
CUST1606,4388.92,3,1341.14,7,Low Value
CUST1607,7658.7300000000005,2,1394.12,6,Medium Value
CUST1608,14256.06,6,3042.2200000000003,10,Medium Value
CUST1609,2473.41,3,709.85,4,Low Value
CUST1610,10550.37,5,2786.7799999999997,11,Medium Value
CUST1611,4726.57,2,959.8900000000001,2,Low Value
CUST1612,1569.03,2,325.95,2,Low Value
CUST1613,4338.32,1,852.37,1,Low Value
CUST1614,4330.48,4,975.96,4,Low Value
CUST1615,7079.42,4,1392.79,6,Medium Value
CUST1616,19847.87,5,4679.71,11,High Value
CUST1617,17126.09,5,4049.0,13,High Value
CUST1618,23402.85,9,5317.24,13,High Value
CUST1619,8130.3,5,1821.76,9,Medium Value
CUST1620,14913.369999999999,4,3178.25,10,High Value
CUST1621,14282.18,6,2753.56,11,High Value
CUST1623,12484.1,5,2927.51,8,Medium Value
CUST1624,14047.11,5,3024.0600000000004,8,Medium Value
CUST1625,19109.44,8,4503.86,12,High Value
CUST1626,13435.95,2,2862.7000000000003,4,Medium Value
CUST1627,10724.59,7,2557.7,9,Medium Value
CUST1628,24047.399999999998,8,4398.42,13,High Value
CUST1629,10369.57,5,2355.12,8,Medium Value
CUST1630,7141.43,2,1804.97,7,Medium Value
CUST1631,6137.76,2,1745.65,6,Medium Value
CUST1632,4318.2,2,1050.46,2,Low Value
CUST1633,9608.32,2,1866.4899999999998,5,Medium Value
CUST1634,8594.82,3,1778.79,6,Medium Value
CUST1635,3550.2,3,843.06,4,Low Value
CUST1636,6088.6,3,1430.91,4,Medium Value
CUST1637,8061.4,4,2018.55,8,Medium Value
CUST1638,6751.74,3,1222.09,4,Medium Value
CUST1639,18823.8,9,3619.04,17,High Value
CUST1640,26495.0,10,5478.61,24,High Value
CUST1641,4040.96,3,901.04,5,Low Value
CUST1642,6127.0599999999995,4,1197.51,6,Medium Value
CUST1643,13335.38,2,2123.0,4,Medium Value
CUST1644,9873.82,6,2446.35,8,Medium Value
CUST1645,2721.58,2,842.51,2,Low Value
CUST1646,10901.07,5,2264.45,7,Medium Value
CUST1647,5424.02,3,1183.52,6,Medium Value
CUST1648,5235.200000000001,4,1397.6100000000001,4,Medium Value
CUST1649,2187.31,2,549.6,3,Low Value
CUST1650,2246.19,3,598.37,3,Low Value
CUST1651,6017.02,1,1964.41,5,Medium Value
CUST1652,7528.700000000001,2,1289.2,5,Medium Value
CUST1653,14254.859999999999,5,2971.94,13,Medium Value
CUST1654,14837.349999999999,6,2925.96,11,High Value
CUST1655,20047.14,5,4770.54,11,High Value
CUST1656,10716.189999999999,6,2154.09,8,Medium Value
CUST1657,24591.7,5,5749.969999999999,15,High Value
CUST1658,5673.08,6,1504.02,7,Medium Value
CUST1659,18441.91,5,5336.82,11,High Value
CUST1660,8774.0,3,2722.84,10,Medium Value
CUST1661,14939.99,8,3196.55,15,High Value
CUST1662,23231.059999999998,8,4062.78,16,High Value
CUST1663,3386.45,2,947.63,3,Low Value
CUST1664,2223.52,2,541.97,4,Low Value
CUST1665,14092.41,8,2655.35,12,Medium Value
CUST1666,14376.98,4,2701.0099999999998,9,High Value
CUST1667,1870.71,2,451.28000000000003,2,Low Value
CUST1668,7532.02,4,1626.83,6,Medium Value
CUST1669,16147.98,7,3203.12,9,High Value
CUST1670,30173.21,4,6006.96,11,High Value
CUST1671,29101.97,5,4843.03,11,High Value
CUST1672,16013.449999999999,5,3659.2200000000003,12,High Value
CUST1673,6420.26,4,1766.4,5,Medium Value
CUST1674,2894.38,3,723.81,4,Low Value
CUST1675,4725.77,3,1161.49,3,Low Value
CUST1676,6022.12,4,1371.18,9,Medium Value
CUST1677,6825.2,4,1710.58,5,Medium Value
CUST1678,3622.68,2,705.91,3,Low Value
CUST1679,16516.28,5,3651.86,10,High Value
CUST1680,6100.54,3,963.79,5,Medium Value
CUST1681,6747.900000000001,3,1779.0900000000001,8,Medium Value
CUST1682,15108.560000000001,5,2971.51,8,High Value
CUST1683,11947.779999999999,6,3212.6,12,Medium Value
CUST1684,15878.03,6,3533.06,15,High Value
CUST1685,14008.19,7,2799.9300000000003,8,Medium Value
CUST1686,20924.37,3,4013.7099999999996,9,High Value
CUST1687,10552.789999999999,4,2330.12,7,Medium Value
CUST1688,5374.0,5,1358.6100000000001,8,Medium Value
CUST1689,4073.24,3,1211.71,4,Low Value
CUST1690,17458.64,4,4109.33,11,High Value
CUST1691,8908.45,6,2031.05,7,Medium Value
CUST1692,5157.59,4,1479.13,10,Medium Value
CUST1693,5799.0,5,1346.95,8,Medium Value
CUST1694,20263.18,4,3796.5,8,High Value
CUST1695,9753.96,4,2254.11,5,Medium Value
CUST1696,5130.81,4,1282.04,9,Medium Value
CUST1697,14253.87,5,4037.5,11,Medium Value
CUST1698,17035.27,6,3851.71,17,High Value
CUST1699,17317.4,4,3104.67,10,High Value
CUST1700,3030.08,2,502.88,2,Low Value
CUST1701,1523.94,2,519.76,2,Low Value
CUST1702,18209.03,12,4374.25,14,High Value
CUST1703,12549.150000000001,6,2784.95,6,Medium Value
CUST1704,20277.760000000002,6,3444.06,12,High Value
CUST1705,1203.46,1,408.21,1,Low Value
CUST1706,7894.6900000000005,4,1745.9499999999998,9,Medium Value
CUST1707,14665.46,3,3792.67,8,High Value
CUST1708,4504.66,3,1148.59,6,Low Value
CUST1709,6532.98,3,1597.59,10,Medium Value
CUST1710,16704.97,8,4627.35,19,High Value
CUST1711,4697.05,3,1095.0,6,Low Value
CUST1712,11615.19,4,2557.58,8,Medium Value
CUST1713,6880.67,3,1433.71,3,Medium Value
CUST1714,11704.08,4,2482.11,7,Medium Value
CUST1715,6545.11,4,1622.23,7,Medium Value
CUST1716,4252.879999999999,3,961.35,4,Low Value
CUST1717,25005.489999999998,7,5450.17,15,High Value
CUST1718,7184.47,6,1584.44,7,Medium Value
CUST1719,5310.52,4,1252.75,4,Medium Value
CUST1720,392.19,1,120.67,1,Low Value
CUST1721,31098.03,5,5687.63,14,High Value
CUST1722,2405.7200000000003,2,654.04,4,Low Value
CUST1723,5927.19,3,1704.87,7,Medium Value
CUST1724,3144.79,2,646.5699999999999,2,Low Value
CUST1725,10866.88,5,2161.64,12,Medium Value
CUST1726,18791.809999999998,7,3828.38,10,High Value
CUST1727,5508.47,3,1282.67,4,Medium Value
CUST1728,6163.780000000001,4,1353.6999999999998,5,Medium Value
CUST1730,10445.16,3,2080.36,6,Medium Value
CUST1731,22200.04,7,3991.16,16,High Value
CUST1732,6816.51,6,2010.36,7,Medium Value
CUST1733,12765.7,5,3098.87,10,Medium Value
CUST1734,12314.04,3,2748.48,5,Medium Value
CUST1735,17667.45,9,3413.02,16,High Value
CUST1736,10959.380000000001,6,2737.27,11,Medium Value
CUST1737,9789.939999999999,4,2319.92,11,Medium Value
CUST1738,18540.02,5,3864.33,9,High Value
CUST1739,10173.92,5,2505.71,9,Medium Value
CUST1740,6079.1,3,1185.03,4,Medium Value
CUST1741,7003.18,5,1474.39,7,Medium Value
CUST1742,5804.1900000000005,3,1363.67,9,Medium Value
CUST1743,6656.75,3,1681.4899999999998,5,Medium Value
CUST1744,14427.83,6,2721.52,9,High Value
CUST1745,3095.38,2,856.94,3,Low Value
CUST1746,10363.42,5,2447.7999999999997,8,Medium Value
CUST1747,4171.8099999999995,3,1011.3100000000001,4,Low Value
CUST1748,2628.8500000000004,2,804.14,2,Low Value
CUST1749,8238.56,5,1731.0,8,Medium Value
CUST1750,6938.88,2,1357.59,3,Medium Value
CUST1751,7332.96,4,1690.57,6,Medium Value
CUST1752,18547.68,6,3650.8,15,High Value
CUST1753,16645.91,4,3840.52,7,High Value
CUST1754,24581.46,8,6121.74,17,High Value
CUST1755,18108.39,7,3498.92,11,High Value
CUST1756,18778.18,5,3782.85,9,High Value
CUST1757,8712.73,6,1928.76,11,Medium Value
CUST1758,6179.94,4,1511.22,8,Medium Value
CUST1759,11163.039999999999,9,2423.58,13,Medium Value
CUST1760,6439.94,1,972.24,4,Medium Value
CUST1761,10341.810000000001,4,1753.56,9,Medium Value
CUST1762,8549.759999999998,5,2279.96,8,Medium Value
CUST1763,9585.0,3,1751.5500000000002,8,Medium Value
CUST1764,13580.5,4,2211.59,7,Medium Value
CUST1765,3817.4,1,516.83,4,Low Value
CUST1766,10377.36,5,2427.17,6,Medium Value
CUST1767,2866.27,3,594.4,3,Low Value
CUST1768,6411.57,3,1317.45,3,Medium Value
CUST1769,12140.68,7,3073.99,11,Medium Value
CUST1770,8991.29,7,2348.67,10,Medium Value
CUST1771,11326.039999999999,6,2612.73,11,Medium Value
CUST1772,17088.64,6,3289.97,12,High Value
CUST1773,5917.27,2,924.94,3,Medium Value
CUST1774,8689.39,7,2064.89,12,Medium Value
CUST1775,5059.85,4,882.36,5,Medium Value
CUST1776,12680.21,5,2957.58,9,Medium Value
CUST1777,28564.62,6,5235.83,15,High Value
CUST1778,4031.8,3,1221.03,5,Low Value
CUST1779,15829.41,8,3843.44,12,High Value
CUST1780,802.78,1,192.04,1,Low Value
CUST1781,11836.75,4,2819.21,7,Medium Value
CUST1782,13930.400000000001,5,2983.87,11,Medium Value
CUST1783,5873.64,3,1686.29,5,Medium Value
CUST1784,33055.31,7,5923.62,18,High Value
CUST1785,7761.67,4,1338.99,7,Medium Value
CUST1786,2412.07,1,423.42,1,Low Value
CUST1787,4309.75,3,924.92,5,Low Value
CUST1788,9908.3,2,1878.5700000000002,5,Medium Value
CUST1789,5890.63,3,1725.63,10,Medium Value
CUST1790,2908.86,3,545.0699999999999,3,Low Value
CUST1791,9525.66,1,1764.33,3,Medium Value
CUST1792,1206.84,1,253.41,1,Low Value
CUST1793,8640.380000000001,4,2052.6099999999997,9,Medium Value
CUST1794,9447.41,4,2153.2,8,Medium Value
CUST1795,6968.71,3,1672.48,6,Medium Value
CUST1796,29433.36,11,5301.8099999999995,21,High Value
CUST1797,14526.39,4,2944.03,7,High Value
CUST1798,11212.85,6,2083.38,8,Medium Value
CUST1799,11876.89,4,2389.49,8,Medium Value
CUST1800,17065.010000000002,6,3047.89,9,High Value
CUST1801,20295.65,6,3036.9300000000003,11,High Value
CUST1802,2570.4,4,699.63,5,Low Value
CUST1803,6653.43,3,1220.51,5,Medium Value
CUST1804,15491.34,4,2799.0099999999998,9,High Value
CUST1805,13577.33,5,3422.01,13,Medium Value
CUST1806,5098.43,3,859.6,4,Medium Value
CUST1807,4352.59,3,1060.74,4,Low Value
CUST1808,25879.45,7,4919.1900000000005,13,High Value
CUST1809,15501.72,6,3014.1800000000003,11,High Value
CUST1810,5143.17,3,914.28,5,Medium Value
CUST1811,8616.22,7,2057.43,9,Medium Value
CUST1812,14074.41,5,3064.3,12,Medium Value
CUST1813,17800.63,6,3643.89,14,High Value
CUST1814,9857.32,5,2501.46,9,Medium Value
CUST1815,4409.75,2,880.87,3,Low Value
CUST1816,11653.7,3,2308.29,7,Medium Value
CUST1817,3773.32,4,839.68,5,Low Value
CUST1818,4475.37,3,811.36,4,Low Value
CUST1819,22588.91,5,4771.71,12,High Value
CUST1820,6226.58,4,1153.04,5,Medium Value
CUST1821,14571.94,7,3204.52,17,High Value
CUST1822,6406.47,4,1252.17,8,Medium Value
CUST1823,7005.8,2,1097.76,3,Medium Value
CUST1824,24743.88,5,4635.13,11,High Value
CUST1825,21502.61,5,5372.4400000000005,9,High Value
CUST1826,8210.130000000001,5,1962.68,8,Medium Value
CUST1827,6798.950000000001,3,1485.8799999999999,3,Medium Value
CUST1828,11848.9,6,2749.25,11,Medium Value
CUST1829,3245.21,1,502.22,1,Low Value
CUST1830,2498.69,2,524.98,2,Low Value
CUST1831,18457.18,3,3864.7200000000003,8,High Value
CUST1832,14970.630000000001,5,3288.55,12,High Value
CUST1833,1738.96,2,536.23,2,Low Value
CUST1834,29946.87,7,5725.0,15,High Value
CUST1835,10193.49,5,2532.13,13,Medium Value
CUST1836,2243.83,2,556.66,2,Low Value
CUST1837,7334.68,3,1663.21,4,Medium Value
CUST1838,12036.26,4,2899.49,9,Medium Value
CUST1839,3454.4700000000003,2,683.3800000000001,2,Low Value
CUST1840,3527.21,3,904.56,4,Low Value
CUST1841,2942.04,2,928.3999999999999,4,Low Value
CUST1842,16563.64,6,3909.27,12,High Value
CUST1843,6949.11,3,1547.9399999999998,3,Medium Value
CUST1844,4076.5600000000004,4,907.14,5,Low Value
CUST1845,16084.210000000001,7,3499.91,12,High Value
CUST1846,5059.030000000001,2,1088.6799999999998,5,Medium Value
CUST1847,15061.119999999999,4,3282.52,8,High Value
CUST1848,25711.600000000002,4,6181.88,12,High Value
CUST1849,11795.22,4,2253.59,7,Medium Value
CUST1850,34627.03,10,7936.96,21,High Value
CUST1851,10719.57,2,2126.58,4,Medium Value
CUST1852,10013.09,5,2073.01,10,Medium Value
CUST1853,1429.83,1,391.55,1,Low Value
CUST1854,8309.2,6,2401.06,9,Medium Value
CUST1855,13461.99,8,2974.86,13,Medium Value
CUST1856,12324.59,3,2395.75,6,Medium Value
CUST1857,847.03,1,198.53,1,Low Value
CUST1858,4967.39,2,1254.6000000000001,2,Low Value
CUST1859,10558.529999999999,5,3018.33,8,Medium Value
CUST1860,8814.43,3,1844.79,7,Medium Value
CUST1861,9909.33,7,2189.38,11,Medium Value
CUST1862,13655.58,5,3585.98,9,Medium Value
CUST1863,18797.08,5,3948.6499999999996,12,High Value
CUST1864,12314.880000000001,4,2507.92,9,Medium Value
CUST1865,16194.3,6,3069.57,11,High Value
CUST1866,15641.13,3,3770.8500000000004,7,High Value
CUST1867,6944.35,6,1758.73,8,Medium Value
CUST1868,1174.6,2,281.19,3,Low Value
CUST1869,7990.4400000000005,6,1693.27,7,Medium Value
CUST1870,13616.93,4,2999.4,7,Medium Value
CUST1871,8004.299999999999,5,1690.04,6,Medium Value
CUST1872,11434.32,4,2566.93,7,Medium Value
CUST1873,10635.74,2,2574.48,3,Medium Value
CUST1874,5731.82,3,815.72,5,Medium Value
CUST1875,3879.6,3,730.68,4,Low Value
CUST1876,8593.81,5,1828.76,11,Medium Value
CUST1877,25374.27,6,5569.11,17,High Value
CUST1878,30540.690000000002,10,6848.96,20,High Value
CUST1879,2221.48,1,360.36,1,Low Value
CUST1880,295.54,1,93.69,1,Low Value
CUST1881,5407.14,3,1588.04,7,Medium Value
CUST1882,1784.23,2,553.52,2,Low Value
CUST1883,19654.97,5,4208.2,11,High Value
CUST1884,5547.98,2,1072.92,3,Medium Value
CUST1885,11945.85,5,2802.71,13,Medium Value
CUST1886,14566.220000000001,8,3248.45,11,High Value
CUST1887,10745.99,5,2037.4,11,Medium Value
CUST1888,12600.13,5,3137.31,8,Medium Value
CUST1889,3284.93,2,958.93,3,Low Value
CUST1890,3771.71,3,778.24,5,Low Value
CUST1891,7209.31,2,1068.91,3,Medium Value
CUST1892,33417.94,4,6550.98,12,High Value
CUST1894,7076.44,5,1505.18,8,Medium Value
CUST1895,12805.99,4,2925.32,8,Medium Value
CUST1896,18535.72,6,3661.67,15,High Value
CUST1897,10287.939999999999,4,2655.34,7,Medium Value
CUST1898,9505.19,6,1836.78,9,Medium Value
CUST1899,2698.3599999999997,3,587.72,5,Low Value
CUST1900,5020.41,3,1276.05,6,Low Value
CUST1901,2798.6000000000004,2,564.11,3,Low Value
CUST1902,12709.3,5,2275.43,9,Medium Value
CUST1903,7221.4400000000005,3,1322.13,6,Medium Value
CUST1904,27556.17,6,4546.97,12,High Value
CUST1905,7688.66,3,1554.48,6,Medium Value
CUST1906,4671.74,3,836.59,4,Low Value
CUST1907,12936.12,6,2683.59,8,Medium Value
CUST1908,16630.07,7,3233.59,17,High Value
CUST1909,9694.56,5,2001.91,9,Medium Value
CUST1910,4277.12,3,994.38,5,Low Value
CUST1911,4728.91,4,1077.28,7,Low Value
CUST1912,7991.51,5,2122.04,11,Medium Value
CUST1913,19318.02,6,3550.61,16,High Value
CUST1914,22115.01,8,4849.3,14,High Value
CUST1915,10233.24,5,2269.45,7,Medium Value
CUST1916,2558.74,3,692.72,5,Low Value
CUST1917,10638.119999999999,5,2429.63,8,Medium Value
CUST1918,4248.92,2,991.3399999999999,3,Low Value
CUST1919,4306.42,2,720.1800000000001,3,Low Value
CUST1920,7784.79,4,1576.15,7,Medium Value
CUST1921,8442.26,5,1806.76,9,Medium Value
CUST1922,12044.529999999999,5,2658.99,8,Medium Value
CUST1923,7695.96,5,1587.93,6,Medium Value
CUST1924,6813.83,2,1699.62,5,Medium Value
CUST1925,16315.6,6,3889.16,10,High Value
CUST1926,13617.9,7,3357.33,10,Medium Value
CUST1927,27694.289999999997,4,5549.22,11,High Value
CUST1928,11030.41,3,1832.09,7,Medium Value
CUST1929,3843.83,5,802.51,5,Low Value
CUST1930,14884.39,5,2642.83,10,High Value
CUST1931,17416.12,7,3238.16,10,High Value
CUST1932,14250.74,7,3508.1099999999997,12,Medium Value
CUST1933,5658.47,4,1407.24,7,Medium Value
CUST1934,37113.8,11,7809.46,21,High Value
CUST1935,9166.51,3,1837.06,4,Medium Value
CUST1936,4826.13,3,786.7,3,Low Value
CUST1937,5323.360000000001,3,1281.4,5,Medium Value
CUST1938,7740.299999999999,4,2204.95,6,Medium Value
CUST1939,11312.31,5,2737.12,6,Medium Value
CUST1940,51586.11,9,12652.49,21,High Value
CUST1941,11466.26,4,2309.61,6,Medium Value
CUST1942,2554.46,1,811.39,2,Low Value
CUST1943,8069.39,4,1379.33,7,Medium Value
CUST1944,5016.26,3,1108.8799999999999,4,Low Value
CUST1945,8380.03,6,2126.8199999999997,8,Medium Value
CUST1946,12912.48,5,2507.09,8,Medium Value
CUST1947,9588.65,5,2415.37,15,Medium Value
CUST1948,5240.5599999999995,3,934.1300000000001,6,Medium Value
CUST1949,6389.460000000001,3,1706.15,4,Medium Value
CUST1950,11721.33,6,2377.37,11,Medium Value
CUST1951,17995.4,4,2859.49,11,High Value
CUST1952,11930.439999999999,2,1735.51,5,Medium Value
CUST1953,8470.17,3,2114.71,7,Medium Value
CUST1954,21649.81,9,4711.81,15,High Value
CUST1955,22095.83,7,5216.64,17,High Value
CUST1956,8967.2,9,2112.12,12,Medium Value
CUST1957,8194.02,4,1972.27,7,Medium Value
CUST1958,8299.23,6,1753.76,7,Medium Value
CUST1959,11554.82,2,1641.26,4,Medium Value
CUST1960,11824.099999999999,7,2082.69,8,Medium Value
CUST1961,14022.17,5,3059.9399999999996,11,Medium Value
CUST1962,9161.42,5,2263.96,8,Medium Value
CUST1963,1958.83,1,571.82,2,Low Value
CUST1964,18004.51,6,4587.92,11,High Value
CUST1965,2973.62,1,727.22,3,Low Value
CUST1966,2874.44,3,943.7,5,Low Value
CUST1967,12976.52,6,3043.2799999999997,13,Medium Value
CUST1968,6678.389999999999,4,1358.6299999999999,7,Medium Value
CUST1969,6775.990000000001,5,1480.29,6,Medium Value
CUST1970,7498.72,4,1902.9499999999998,6,Medium Value
CUST1972,11860.69,3,2238.05,6,Medium Value
CUST1973,2664.1,1,564.4,2,Low Value
CUST1974,5172.16,2,1207.33,3,Medium Value
CUST1975,13550.310000000001,3,2313.07,8,Medium Value
CUST1976,13636.66,4,2997.77,5,Medium Value
CUST1977,12125.07,4,2389.99,6,Medium Value
CUST1978,2169.52,2,418.73,2,Low Value
CUST1979,8937.5,6,2082.62,11,Medium Value
CUST1980,9542.21,5,2306.87,9,Medium Value
CUST1981,3557.79,2,561.02,3,Low Value
CUST1982,9625.94,7,2110.0099999999998,10,Medium Value
CUST1983,8670.869999999999,4,1759.45,9,Medium Value
CUST1984,2960.7299999999996,3,542.95,5,Low Value
CUST1985,33159.03,12,6273.02,25,High Value
CUST1986,23328.89,8,4515.41,14,High Value
CUST1987,6315.67,4,1262.85,5,Medium Value
CUST1988,9125.44,8,2247.59,11,Medium Value
CUST1989,10842.710000000001,3,2007.37,7,Medium Value
CUST1990,13979.76,9,3639.91,17,Medium Value
CUST1991,15477.11,5,3085.86,8,High Value
CUST1992,15080.369999999999,4,2328.05,11,High Value
CUST1993,28760.0,5,5849.18,11,High Value
CUST1994,9812.31,6,2369.07,9,Medium Value
CUST1995,8140.66,3,2344.01,7,Medium Value
CUST1996,5227.91,5,1454.01,5,Medium Value
CUST1997,7708.94,4,1686.9099999999999,7,Medium Value
CUST1998,6570.870000000001,4,1184.18,7,Medium Value
CUST1999,8387.99,4,2035.3400000000001,7,Medium Value
CUST2000,1593.48,2,511.02,2,Low Value
CUST2001,12049.919999999998,3,2208.27,6,Medium Value
CUST2002,2479.1400000000003,3,537.29,3,Low Value
CUST2003,24939.89,5,4652.12,14,High Value
CUST2004,10723.61,4,3023.15,9,Medium Value
CUST2005,4441.73,4,1253.03,4,Low Value
CUST2006,19282.95,5,3625.5,8,High Value
CUST2007,2060.46,1,314.21,2,Low Value
CUST2008,8500.18,2,1663.51,4,Medium Value
CUST2009,3062.99,2,554.53,2,Low Value
CUST2010,3348.52,2,748.9200000000001,6,Low Value
CUST2012,6120.7,4,1256.1299999999999,7,Medium Value
CUST2013,10938.92,5,2186.47,7,Medium Value
CUST2014,1127.1,1,131.45,1,Low Value
CUST2015,11867.08,5,2755.96,7,Medium Value
CUST2016,5203.28,3,1415.51,9,Medium Value
CUST2017,19049.51,4,3919.7799999999997,5,High Value
CUST2018,4804.5199999999995,2,1070.34,2,Low Value
CUST2019,7798.91,3,1465.3700000000001,8,Medium Value
CUST2020,7845.18,3,2011.44,5,Medium Value
CUST2021,18420.34,6,4540.95,12,High Value
CUST2022,10090.16,5,2077.2200000000003,8,Medium Value
CUST2023,1376.31,1,373.26,1,Low Value
CUST2024,12879.73,6,2127.86,8,Medium Value
CUST2025,4541.55,3,1087.26,4,Low Value
CUST2026,20985.98,8,4727.83,15,High Value
CUST2027,14686.990000000002,3,3124.8199999999997,5,High Value
CUST2028,15989.869999999999,6,2740.76,9,High Value
CUST2029,20217.6,6,4845.3,13,High Value
CUST2030,12459.16,4,3404.7100000000005,7,Medium Value
CUST2031,6067.48,5,1503.7,6,Medium Value
CUST2032,12167.689999999999,6,2673.56,9,Medium Value
CUST2033,4412.08,2,974.6,2,Low Value
CUST2034,5753.2,3,1173.6999999999998,3,Medium Value
CUST2035,11007.08,3,2185.11,6,Medium Value
CUST2036,14798.19,1,2714.44,3,High Value
CUST2037,9988.35,6,2505.5099999999998,14,Medium Value
CUST2038,8195.65,3,1496.8600000000001,7,Medium Value
CUST2039,505.47,1,176.65,1,Low Value
CUST2040,10618.82,4,2356.4900000000002,11,Medium Value
CUST2041,3249.67,3,905.72,4,Low Value
CUST2042,3013.2,3,719.21,3,Low Value
CUST2043,7029.58,3,1460.17,6,Medium Value
CUST2044,7660.539999999999,4,1771.76,4,Medium Value
CUST2045,19045.23,8,4098.780000000001,14,High Value
CUST2046,11023.619999999999,5,3087.78,12,Medium Value
CUST2048,11927.81,5,2707.14,7,Medium Value
CUST2049,9556.73,5,2603.79,8,Medium Value
CUST2050,5034.52,4,1394.6599999999999,5,Low Value
CUST2051,12756.4,3,3649.66,9,Medium Value
CUST2052,13089.48,2,2481.7200000000003,4,Medium Value
CUST2053,17278.4,5,2564.96,9,High Value
CUST2054,4883.91,3,1058.22,4,Low Value
CUST2055,4940.03,3,889.78,4,Low Value
CUST2056,15015.74,1,3535.69,4,High Value
CUST2057,1526.26,3,416.17,3,Low Value
CUST2058,11864.509999999998,2,2113.41,5,Medium Value
CUST2059,35124.79,6,7248.429999999999,16,High Value
CUST2060,11839.09,4,2755.65,6,Medium Value
CUST2061,7999.1,3,1894.56,4,Medium Value
CUST2062,12199.36,2,2340.42,5,Medium Value
CUST2063,2879.42,3,762.28,4,Low Value
CUST2064,10264.18,5,2392.9,10,Medium Value
CUST2065,6325.39,2,1384.91,3,Medium Value
CUST2066,27759.85,5,6186.5599999999995,14,High Value
CUST2067,5721.38,3,1372.32,5,Medium Value
CUST2068,16950.04,3,2800.44,5,High Value
CUST2069,8572.97,6,2432.67,9,Medium Value
CUST2070,18891.379999999997,5,5062.849999999999,13,High Value
CUST2071,11552.43,3,2523.27,5,Medium Value
CUST2072,6503.73,4,1561.52,4,Medium Value
CUST2073,8929.99,5,2198.52,9,Medium Value
CUST2074,2991.27,1,361.84,1,Low Value
CUST2075,5488.65,3,1563.75,8,Medium Value
CUST2076,37586.11,11,6985.51,17,High Value
CUST2077,11842.97,2,1973.09,5,Medium Value
CUST2078,4600.48,2,842.64,6,Low Value
CUST2079,1013.06,2,268.14,3,Low Value
CUST2080,7501.07,3,1723.1599999999999,7,Medium Value
CUST2081,4399.64,4,1206.13,5,Low Value
CUST2082,12524.52,5,2199.24,7,Medium Value
CUST2083,25419.5,7,4327.35,11,High Value
CUST2084,11177.43,6,2912.76,15,Medium Value
CUST2085,350.12,1,83.03,1,Low Value
CUST2086,8030.65,3,1638.18,6,Medium Value
CUST2087,10947.77,4,2234.06,6,Medium Value
CUST2088,9907.23,3,2123.25,3,Medium Value
CUST2089,26033.29,7,5236.34,15,High Value
CUST2090,6254.1,6,1345.61,9,Medium Value
CUST2091,2144.89,1,510.12,2,Low Value
CUST2092,10464.560000000001,3,1431.1599999999999,7,Medium Value
CUST2093,3898.0,3,950.42,5,Low Value
CUST2094,27676.579999999998,4,4985.86,9,High Value
CUST2095,4807.54,2,1140.26,4,Low Value
CUST2096,4647.6,5,1327.95,9,Low Value
CUST2097,10268.95,5,2059.08,7,Medium Value
CUST2098,8193.4,3,1602.77,6,Medium Value
CUST2099,9141.16,6,1994.8600000000001,7,Medium Value
CUST2100,6196.43,2,1281.31,5,Medium Value
CUST2101,18549.12,8,4093.56,17,High Value
CUST2102,5102.89,3,1139.55,7,Medium Value
CUST2103,2932.59,1,516.64,3,Low Value
CUST2104,4778.639999999999,6,1248.57,8,Low Value
CUST2105,23744.489999999998,7,5483.639999999999,13,High Value
CUST2106,6949.7699999999995,5,1111.3200000000002,9,Medium Value
CUST2107,2397.52,1,697.0,2,Low Value
CUST2108,2665.87,1,700.91,2,Low Value
CUST2109,8279.41,5,2293.63,9,Medium Value
CUST2110,8242.48,4,1713.1799999999998,8,Medium Value
CUST2111,7616.4,4,1414.04,5,Medium Value
CUST2112,24610.52,6,5502.65,13,High Value
CUST2113,11588.91,7,2232.09,8,Medium Value
CUST2114,23979.63,7,4407.7300000000005,12,High Value
CUST2115,4393.27,2,734.07,4,Low Value
CUST2116,10978.2,4,2327.3399999999997,12,Medium Value
CUST2117,8965.779999999999,4,2144.5,7,Medium Value
CUST2118,3961.9500000000003,2,706.0699999999999,4,Low Value
CUST2119,9418.93,4,1995.6799999999998,5,Medium Value
CUST2120,1148.53,2,260.05,2,Low Value
CUST2121,22381.370000000003,6,4247.6,12,High Value
CUST2122,2822.85,2,577.06,2,Low Value
CUST2123,28443.41,5,6781.9,12,High Value
CUST2124,5545.79,4,1456.83,6,Medium Value
CUST2125,764.53,1,186.41,1,Low Value
CUST2127,726.3,1,217.35,2,Low Value
CUST2128,13548.61,3,3167.86,7,Medium Value
CUST2129,7658.200000000001,6,1804.25,10,Medium Value
CUST2130,5451.85,5,1220.51,9,Medium Value
CUST2131,8082.7699999999995,3,1139.75,6,Medium Value
CUST2132,14557.11,7,3287.37,12,High Value
CUST2133,4804.2,3,1088.84,4,Low Value
CUST2134,9088.57,2,1116.33,4,Medium Value
CUST2135,9730.86,5,1550.99,7,Medium Value
CUST2136,13026.3,6,3037.03,8,Medium Value
CUST2137,7051.66,4,1077.64,7,Medium Value
CUST2138,7264.87,3,1578.44,6,Medium Value
CUST2139,5539.4,3,1289.03,4,Medium Value
CUST2140,10509.24,4,2105.42,5,Medium Value
CUST2141,16291.92,4,3118.13,8,High Value
CUST2142,8279.65,4,2128.5699999999997,7,Medium Value
CUST2143,3853.02,5,974.76,5,Low Value
CUST2144,3163.24,2,671.53,2,Low Value
CUST2145,16326.04,5,3028.9900000000002,11,High Value
CUST2146,9259.67,1,2163.56,2,Medium Value
CUST2147,599.18,1,168.18,1,Low Value
CUST2148,24124.309999999998,10,5361.14,16,High Value
CUST2149,1549.68,1,331.38,2,Low Value
CUST2150,3236.3199999999997,3,974.9200000000001,6,Low Value
CUST2151,2990.71,2,749.31,4,Low Value
CUST2152,7920.35,5,1667.24,8,Medium Value
CUST2153,4531.75,2,963.76,4,Low Value
CUST2154,819.64,1,273.95,2,Low Value
CUST2155,14569.59,3,3106.29,12,High Value
CUST2156,8186.04,2,2075.83,3,Medium Value
CUST2157,9866.15,5,1994.04,9,Medium Value
CUST2158,9728.09,6,2574.78,9,Medium Value
CUST2159,5261.7,2,810.64,4,Medium Value
CUST2160,10987.54,5,2185.45,8,Medium Value
CUST2161,20778.989999999998,4,3560.0699999999997,10,High Value
CUST2162,9938.01,6,2065.17,12,Medium Value
CUST2163,5359.6900000000005,3,990.95,5,Medium Value
CUST2164,29711.14,5,6758.73,11,High Value
CUST2165,18404.3,8,4578.360000000001,13,High Value
CUST2166,7500.67,4,1725.25,8,Medium Value
CUST2167,4528.72,3,1021.36,7,Low Value
CUST2168,6119.0,6,1476.22,7,Medium Value
CUST2169,4591.2300000000005,4,1031.68,5,Low Value
CUST2170,29986.28,7,5470.87,11,High Value
CUST2171,2579.94,3,603.05,4,Low Value
CUST2172,1968.35,2,478.85,2,Low Value
CUST2173,11577.74,8,2825.2400000000002,13,Medium Value
CUST2174,19063.53,8,4596.7,13,High Value
CUST2175,4209.23,4,1021.36,5,Low Value
CUST2176,5823.469999999999,3,966.46,5,Medium Value
CUST2177,6840.0599999999995,5,1665.73,6,Medium Value
CUST2178,2187.41,3,684.4,3,Low Value
CUST2179,14091.050000000001,3,2857.38,6,Medium Value
CUST2180,12716.26,4,2205.52,12,Medium Value
CUST2181,11098.54,5,2288.75,6,Medium Value
CUST2182,9390.349999999999,3,1722.79,4,Medium Value
CUST2183,17033.010000000002,4,2855.7400000000002,9,High Value
CUST2184,7751.42,4,1629.04,7,Medium Value
CUST2185,12184.52,6,2501.15,13,Medium Value
CUST2186,689.88,2,214.37,2,Low Value
CUST2187,6363.09,1,1201.9,2,Medium Value
CUST2188,18389.96,8,4024.7400000000002,13,High Value
CUST2189,5252.0599999999995,3,1452.92,7,Medium Value
CUST2190,5330.6,5,1074.66,8,Medium Value
CUST2191,7684.51,4,1912.82,9,Medium Value
CUST2192,4282.31,2,701.3299999999999,4,Low Value
CUST2193,4418.53,1,710.74,4,Low Value
CUST2194,2523.23,2,488.87,2,Low Value
CUST2195,6766.09,4,1790.44,5,Medium Value
CUST2196,12236.58,4,2654.87,6,Medium Value
CUST2197,411.3,1,126.91,1,Low Value
CUST2198,8620.93,6,1899.38,7,Medium Value
CUST2199,1451.6599999999999,2,327.98,2,Low Value
CUST2200,563.96,1,190.95,1,Low Value
