Customer ID,Total_Sales,Total_Profit,Total_Quantity,Total_Orders,Average_Order_Value,Profit_Margin,Customer_Segment
CUST1001,9289.91,1835.71,5,4,2322.4775,19.7602560197031,Medium Value
CUST1002,6436.66,1491.26,7,5,1287.3319999999999,23.168226999717245,Low Value
CUST1003,25008.77,4855.4400000000005,12,9,2778.7522222222224,19.41494923580808,High Value
CUST1004,9026.36,1823.69,11,6,1504.3933333333334,20.20404681399811,Low Value
CUST1005,9130.53,2275.23,4,3,3043.51,24.91892584548761,Low Value
CUST1006,20871.97,3912.17,14,6,3478.661666666667,18.743654767614174,High Value
CUST1007,1876.05,472.0,4,1,1876.05,25.159244156605638,Very Low Value
CUST1008,13527.519999999999,2156.48,6,3,4509.173333333333,15.941429027641432,Medium Value
CUST1009,15552.66,2766.99,7,4,3888.165,17.791104544174434,High Value
CUST1010,18166.67,3891.21,17,8,2270.83375,21.41950065697236,High Value
CUST1011,8824.9,1737.58,7,5,1764.98,19.68951489535292,Low Value
CUST1012,14695.810000000001,3946.31,13,5,2939.1620000000003,26.853300362484273,High Value
CUST1013,11614.4,2691.2799999999997,15,7,1659.2,23.17192450750792,Medium Value
CUST1014,3292.71,609.02,2,2,1646.355,18.49601088465124,Very Low Value
CUST1015,7758.22,1611.44,9,4,1939.555,20.7707438046356,Low Value
CUST1016,12199.85,2398.34,8,5,2439.9700000000003,19.658766296306922,Medium Value
CUST1017,14810.05,3488.22,12,6,2468.3416666666667,23.55306025300387,High Value
CUST1018,3008.29,626.62,3,2,1504.145,20.829773725272496,Very Low Value
CUST1019,10702.68,2581.27,7,4,2675.67,24.117977927023883,Medium Value
CUST1020,13297.69,3360.8900000000003,10,5,2659.538,25.27423936037011,Medium Value
CUST1021,9299.380000000001,2579.9700000000003,8,4,2324.8450000000003,27.7434624673903,Medium Value
CUST1022,8802.31,2345.95,6,5,1760.462,26.65152670151358,Low Value
CUST1023,5726.31,1303.72,4,2,2863.155,22.76719213594793,Low Value
CUST1024,9720.15,1624.33,6,3,3240.0499999999997,16.710956106644446,Medium Value
CUST1025,12415.11,2590.44,9,6,2069.185,20.865219881257595,Medium Value
CUST1026,16771.66,3672.46,13,7,2395.9514285714286,21.89681880028572,High Value
CUST1027,20009.54,3793.0,9,5,4001.9080000000004,18.95595800803017,High Value
CUST1028,16281.15,3220.27,11,5,3256.23,19.77913108103543,High Value
CUST1029,19290.25,4232.57,11,6,3215.0416666666665,21.941498943766927,High Value
CUST1030,3171.07,573.95,4,3,1057.0233333333333,18.0995689152242,Very Low Value
CUST1031,13391.279999999999,3608.05,14,5,2678.256,26.943279507261447,Medium Value
CUST1032,1554.88,359.15,2,1,1554.88,23.09824552377032,Very Low Value
CUST1033,2836.42,839.36,6,2,1418.21,29.592232462047228,Very Low Value
CUST1034,692.09,223.55,1,1,692.09,32.300712335100926,Very Low Value
CUST1035,4106.01,1052.5,4,4,1026.5025,25.63315724998234,Very Low Value
CUST1036,5320.34,1417.21,9,5,1064.068,26.6375833123447,Low Value
CUST1037,16155.529999999999,4012.33,13,6,2692.588333333333,24.835644513055282,High Value
CUST1038,13098.76,2258.42,9,5,2619.752,17.241479346136583,Medium Value
CUST1039,2251.54,544.31,3,3,750.5133333333333,24.175009104879326,Very Low Value
CUST1040,16214.269999999999,3066.06,16,6,2702.378333333333,18.909639471897286,High Value
CUST1041,11875.150000000001,2192.57,8,3,3958.3833333333337,18.463514145084485,Medium Value
CUST1042,2591.56,644.11,3,3,863.8533333333334,24.854141906805168,Very Low Value
CUST1043,16691.06,3092.0,11,7,2384.437142857143,18.52488697542277,High Value
CUST1044,4381.68,909.29,3,3,1460.5600000000002,20.752085957897425,Very Low Value
CUST1045,6949.040000000001,1440.7800000000002,4,3,2316.346666666667,20.733511391501562,Low Value
CUST1046,1311.4,345.41999999999996,2,2,655.7,26.339789537898422,Very Low Value
CUST1047,15341.16,3794.17,14,6,2556.86,24.73196290241416,High Value
CUST1048,2245.75,712.34,6,3,748.5833333333334,31.71947011020817,Very Low Value
CUST1049,3212.26,429.5,3,1,3212.26,13.370648702159848,Very Low Value
CUST1050,4992.47,1342.62,5,2,2496.235,26.89290070846695,Very Low Value
CUST1051,9771.63,2300.43,10,5,1954.3259999999998,23.54192698659282,Medium Value
CUST1052,6397.59,1786.3700000000001,7,4,1599.3975,27.92254583366549,Low Value
CUST1053,3977.77,635.36,3,3,1325.9233333333334,15.972768661838167,Very Low Value
CUST1054,5893.29,1633.34,6,5,1178.658,27.71524903746464,Low Value
CUST1055,8059.77,2152.31,7,3,2686.59,26.70436004997661,Low Value
CUST1056,2291.12,579.63,3,3,763.7066666666666,25.29898041132721,Very Low Value
CUST1057,21729.54,4728.14,13,5,4345.908,21.75904321950672,High Value
CUST1058,4578.34,1202.3,3,3,1526.1133333333335,26.260609740648356,Very Low Value
CUST1059,9847.43,2281.41,8,4,2461.8575,23.16756757854587,Medium Value
CUST1060,4412.59,1158.33,7,3,1470.8633333333335,26.250569393485456,Very Low Value
CUST1061,3012.58,814.95,7,3,1004.1933333333333,27.05156377589973,Very Low Value
CUST1062,7771.950000000001,1700.6799999999998,5,3,2590.65,21.882281795431002,Low Value
CUST1063,23402.12,5369.5,18,6,3900.353333333333,22.944502463879342,High Value
CUST1064,14350.64,2945.04,9,4,3587.66,20.522011561853688,High Value
CUST1065,21249.45,5053.1,11,5,4249.89,23.779909597660176,High Value
CUST1066,14101.84,2846.92,5,4,3525.46,20.188287485888367,Medium Value
CUST1067,14248.220000000001,2129.5099999999998,7,3,4749.406666666667,14.945796738118863,Medium Value
CUST1068,13098.78,3122.37,12,7,1871.2542857142857,23.837105440353984,Medium Value
CUST1069,7952.57,1501.72,8,6,1325.4283333333333,18.88345528552405,Low Value
CUST1070,5565.92,1073.25,5,3,1855.3066666666666,19.282526518527035,Low Value
CUST1071,8005.76,1783.08,8,6,1334.2933333333333,22.272463826045247,Low Value
CUST1072,24324.63,4864.32,20,8,3040.57875,19.997508697974027,High Value
CUST1073,10508.41,2328.97,6,3,3502.8033333333333,22.162915226946797,Medium Value
CUST1074,2309.72,449.66,2,1,2309.72,19.46816064284849,Very Low Value
CUST1075,3623.4300000000003,991.95,5,3,1207.8100000000002,27.37599456868216,Very Low Value
CUST1076,6635.28,1487.15,2,2,3317.64,22.412769317948904,Low Value
CUST1077,5662.0,1422.47,5,4,1415.5,25.12310137760509,Low Value
CUST1078,8280.31,2055.24,10,4,2070.0775,24.82080984890662,Low Value
CUST1079,26942.32,5931.12,13,7,3848.902857142857,22.014139836509997,High Value
CUST1080,8893.9,2231.33,5,2,4446.95,25.088318960186196,Low Value
CUST1081,4331.53,892.48,1,1,4331.53,20.604266852590193,Very Low Value
CUST1082,14209.91,3313.89,8,5,2841.982,23.320978106124528,Medium Value
CUST1083,12980.63,2674.17,6,3,4326.876666666666,20.601234300646425,Medium Value
CUST1084,10734.94,2405.66,9,5,2146.9880000000003,22.409626881938788,Medium Value
CUST1085,3476.73,1128.86,4,2,1738.365,32.469015425414106,Very Low Value
CUST1086,4363.18,1232.22,8,4,1090.795,28.24132857227985,Very Low Value
CUST1087,9466.400000000001,1841.38,9,5,1893.2800000000002,19.45174511958083,Medium Value
CUST1088,12930.41,3275.48,10,4,3232.6025,25.331602014166606,Medium Value
CUST1089,3678.85,1004.49,3,2,1839.425,27.304456555717138,Very Low Value
CUST1090,929.84,217.96,2,1,929.84,23.440591929794373,Very Low Value
CUST1091,1560.49,330.93,2,1,1560.49,21.20680042807067,Very Low Value
CUST1092,8285.02,1197.7,8,3,2761.6733333333336,14.456211330811513,Low Value
CUST1093,11034.61,2515.02,7,4,2758.6525,22.79210592852851,Medium Value
CUST1094,10214.94,2699.85,8,4,2553.735,26.430404877561685,Medium Value
CUST1095,27477.020000000004,5853.35,10,5,5495.404,21.30271041037201,High Value
CUST1096,9770.41,1639.27,9,5,1954.0819999999999,16.777903895537648,Medium Value
CUST1097,18450.72,3832.17,13,6,3075.1200000000003,20.769758578527018,High Value
CUST1098,2414.18,586.45,6,3,804.7266666666666,24.291892071013763,Very Low Value
CUST1099,4102.37,1016.89,5,3,1367.4566666666667,24.78786652593501,Very Low Value
CUST1100,17425.95,3500.26,8,6,2904.3250000000003,20.086480220590555,High Value
CUST1101,10913.26,2690.69,12,8,1364.1575,24.655235924004376,Medium Value
CUST1102,1555.9,405.24,3,1,1555.9,26.045375666816632,Very Low Value
CUST1103,8170.99,1801.46,5,4,2042.7475,22.047022453827505,Low Value
CUST1104,3242.4300000000003,870.17,5,3,1080.8100000000002,26.83697103715423,Very Low Value
CUST1105,14775.91,3822.4899999999993,9,5,2955.182,25.869743386363343,High Value
CUST1107,20854.05,4179.83,14,9,2317.116666666667,20.04325298922751,High Value
CUST1108,461.96,115.67,1,1,461.96,25.03896441250325,Very Low Value
CUST1109,5963.92,1332.15,5,3,1987.9733333333334,22.33681873666984,Low Value
CUST1110,7160.11,2075.23,3,1,7160.11,28.983213945037157,Low Value
CUST1111,3522.8199999999997,951.19,3,2,1761.4099999999999,27.000811849597767,Very Low Value
CUST1112,12055.26,2746.33,11,7,1722.18,22.781176017771497,Medium Value
CUST1113,9311.34,2015.83,6,5,1862.268,21.649193349184973,Medium Value
CUST1114,2478.08,775.75,4,3,826.0266666666666,31.30447766012397,Very Low Value
CUST1115,6084.15,1345.74,4,2,3042.075,22.118784053647595,Low Value
CUST1116,9523.36,2711.14,10,4,2380.84,28.468313704406846,Medium Value
CUST1117,7739.06,1918.38,11,6,1289.8433333333335,24.78828178099149,Low Value
CUST1118,2993.24,698.75,2,2,1496.62,23.344269086341225,Very Low Value
CUST1119,18997.1,3975.51,18,9,2110.788888888889,20.926930952619085,High Value
CUST1120,4044.67,793.14,2,1,4044.67,19.609510788271972,Very Low Value
CUST1121,4888.81,1175.14,6,3,1629.6033333333335,24.0373424207527,Very Low Value
CUST1122,21476.78,4830.5,14,7,3068.1114285714284,22.49173293203171,High Value
CUST1123,3409.28,895.25,4,3,1136.4266666666667,26.259210155810024,Very Low Value
CUST1124,4189.82,898.19,4,3,1396.6066666666666,21.43743645311732,Very Low Value
CUST1125,17753.12,3045.92,10,4,4438.28,17.157096893391135,High Value
CUST1126,8530.630000000001,1811.14,9,7,1218.6614285714288,21.231022796675038,Low Value
CUST1127,3169.5299999999997,523.49,2,2,1584.7649999999999,16.516328919429696,Very Low Value
CUST1128,2623.2400000000002,670.23,4,4,655.8100000000001,25.549701895366034,Very Low Value
CUST1129,9645.3,2586.88,12,7,1377.8999999999999,26.82010927602045,Medium Value
CUST1130,12269.3,2335.68,9,5,2453.8599999999997,19.036782864548098,Medium Value
CUST1131,5153.16,816.39,2,2,2576.58,15.842512167291526,Low Value
CUST1132,25911.030000000002,4968.48,13,7,3701.5757142857146,19.175154364762804,High Value
CUST1133,21525.56,5316.05,11,6,3587.5933333333337,24.696453890165923,High Value
CUST1134,11162.060000000001,2763.11,10,5,2232.4120000000003,24.754480803722608,Medium Value
CUST1135,13490.39,2721.6,9,5,2698.078,20.174361156349075,Medium Value
CUST1136,3970.24,1011.07,6,3,1323.4133333333332,25.466218666881602,Very Low Value
CUST1137,3970.12,1035.06,5,3,1323.3733333333332,26.071252254339917,Very Low Value
CUST1138,14272.28,3132.12,11,7,2038.8971428571429,21.94547752706645,High Value
CUST1139,5457.62,1514.95,8,4,1364.405,27.758436827774744,Low Value
CUST1140,14608.81,3596.88,16,8,1826.10125,24.621307279648377,High Value
CUST1141,5025.8,1291.88,4,1,5025.8,25.70496239404672,Very Low Value
CUST1142,3976.39,1116.69,3,2,1988.195,28.083009966326244,Very Low Value
CUST1143,9880.95,2617.8,8,5,1976.19,26.493403974314212,Medium Value
CUST1144,14981.35,2612.27,9,7,2140.192857142857,17.436813104293,High Value
CUST1145,6568.49,1023.61,4,2,3284.245,15.583642511444792,Low Value
CUST1146,3259.75,964.71,4,3,1086.5833333333333,29.59460081294578,Very Low Value
CUST1147,8415.04,1835.63,6,3,2805.013333333334,21.81368121838993,Low Value
CUST1148,7742.330000000001,1996.49,9,4,1935.5825000000002,25.786681787007264,Low Value
CUST1149,787.79,224.4,2,2,393.895,28.484748473577987,Very Low Value
CUST1150,2514.05,380.69,3,1,2514.05,15.142499154750302,Very Low Value
CUST1151,4967.97,1157.48,4,2,2483.985,23.298852448786928,Very Low Value
CUST1152,6631.04,1040.3,6,3,2210.346666666667,15.688338480841619,Low Value
CUST1153,14849.39,3001.37,10,5,2969.8779999999997,20.212076051608854,High Value
CUST1154,15956.17,3482.91,6,4,3989.0425,21.82798252964214,High Value
CUST1155,14861.05,3259.09,12,8,1857.63125,21.93041541479236,High Value
CUST1156,21049.51,4297.83,15,8,2631.18875,20.417719937423723,High Value
CUST1157,5519.19,1303.43,6,3,1839.7299999999998,23.616327758239887,Low Value
CUST1158,15917.53,4049.83,11,7,2273.9328571428573,25.442578088434576,High Value
CUST1159,4362.43,791.01,2,2,2181.215,18.132325332440864,Very Low Value
CUST1160,15660.58,3235.56,10,6,2610.096666666667,20.6605374769006,High Value
CUST1161,11863.78,2576.07,6,3,3954.5933333333337,21.71373710571167,Medium Value
CUST1162,12816.58,2757.21,6,4,3204.145,21.51283727796339,Medium Value
CUST1163,1182.94,228.28,1,1,1182.94,19.297682046426697,Very Low Value
CUST1164,20854.870000000003,4401.26,13,6,3475.811666666667,21.10423128986179,High Value
CUST1165,9741.58,2377.6099999999997,8,6,1623.5966666666666,24.406821070093347,Medium Value
CUST1166,8772.45,2104.63,8,5,1754.4900000000002,23.991359312392774,Low Value
CUST1167,1649.05,260.14,1,1,1649.05,15.77514326430369,Very Low Value
CUST1168,2766.71,664.39,3,2,1383.355,24.013720267031964,Very Low Value
CUST1169,18052.370000000003,3755.17,10,5,3610.4740000000006,20.801534646143413,High Value
CUST1170,1551.3,253.0,2,2,775.65,16.3089022110488,Very Low Value
CUST1171,19116.97,4562.59,14,6,3186.161666666667,23.8667006329978,High Value
CUST1172,21119.85,3941.39,20,9,2346.6499999999996,18.662017012431434,High Value
CUST1173,6255.570000000001,972.26,3,3,2085.19,15.542308694491465,Low Value
CUST1174,9966.47,2052.24,8,5,1993.2939999999999,20.59144310874362,Medium Value
CUST1175,25363.79,4887.95,15,7,3623.3985714285714,19.271370721804587,High Value
CUST1176,7740.709999999999,1116.83,4,2,3870.3549999999996,14.428004666238628,Low Value
CUST1177,23903.47,3936.21,14,5,4780.694,16.467107076922304,High Value
CUST1178,9810.369999999999,2671.27,11,6,1635.0616666666665,27.229044368357158,Medium Value
CUST1179,10693.1,2224.57,10,5,2138.62,20.803789359493503,Medium Value
CUST1180,22351.56,5002.93,10,6,3725.26,22.382911975718923,High Value
CUST1181,19129.6,3516.2799999999997,5,3,6376.533333333333,18.381356641017064,High Value
CUST1182,11712.76,2505.95,9,5,2342.552,21.39504267141135,Medium Value
CUST1183,14829.63,2499.6099999999997,9,4,3707.4075,16.855511567045163,High Value
CUST1184,15116.3,3171.05,10,6,2519.383333333333,20.97768633858815,High Value
CUST1185,6477.47,1279.28,5,3,2159.1566666666668,19.74968622008284,Low Value
CUST1186,17133.65,3209.7,12,7,2447.664285714286,18.733311349303854,High Value
CUST1187,820.56,125.08,1,1,820.56,15.243248513210492,Very Low Value
CUST1188,2952.51,419.66,1,1,2952.51,14.213669047691624,Very Low Value
CUST1189,6666.349999999999,1202.8,3,2,3333.1749999999997,18.042857035709197,Low Value
CUST1190,15615.77,3067.08,7,3,5205.256666666667,19.640914280884004,High Value
CUST1191,17320.84,3843.8500000000004,10,5,3464.168,22.192053041307467,High Value
CUST1192,11777.41,2099.16,10,4,2944.3525,17.82361317131695,Medium Value
CUST1193,5018.28,1326.43,4,4,1254.57,26.431964736921813,Very Low Value
CUST1194,6999.32,1680.1599999999999,6,5,1399.864,24.004617591423166,Low Value
CUST1195,9602.47,1871.26,5,2,4801.235,19.487277752494933,Medium Value
CUST1196,18990.440000000002,4308.62,15,6,3165.0733333333337,22.68836319748252,High Value
CUST1197,3002.33,810.55,5,1,3002.33,26.99736537955521,Very Low Value
CUST1198,1923.85,667.09,3,2,961.925,34.674740754216806,Very Low Value
CUST1200,11403.07,3195.49,10,4,2850.7675,28.023067472180735,Medium Value
CUST1201,8854.18,1708.56,9,5,1770.836,19.296648588576243,Low Value
CUST1202,21770.96,4785.7,14,6,3628.4933333333333,21.98203478395073,High Value
CUST1203,17847.02,4216.82,14,8,2230.8775,23.627586005955052,High Value
CUST1204,10483.24,2492.81,6,5,2096.648,23.779003437868447,Medium Value
CUST1205,10642.26,2055.54,8,5,2128.452,19.3148823652119,Medium Value
CUST1206,2837.7200000000003,805.93,5,4,709.4300000000001,28.400617397065247,Very Low Value
CUST1207,19629.39,3597.32,8,6,3271.565,18.326193529192707,High Value
CUST1208,2085.52,308.48,2,1,2085.52,14.79151482603859,Very Low Value
CUST1209,3918.8599999999997,1166.1499999999999,4,3,1306.2866666666666,29.757378421275575,Very Low Value
CUST1210,15225.51,3751.3900000000003,17,9,1691.7233333333334,24.638846252112412,High Value
CUST1211,5979.49,1659.93,7,4,1494.8725,27.760394281117623,Low Value
CUST1212,7529.049999999999,1901.46,7,3,2509.683333333333,25.25497904782144,Low Value
CUST1213,13278.78,3802.56,14,7,1896.9685714285715,28.636365690221538,Medium Value
CUST1214,10769.68,2161.54,9,7,1538.5257142857142,20.070605626165307,Medium Value
CUST1215,17398.58,3423.25,13,4,4349.645,19.675456272868246,High Value
CUST1216,10628.18,2785.3900000000003,9,3,3542.726666666667,26.20759151613917,Medium Value
CUST1217,21100.43,3520.35,11,7,3014.347142857143,16.683783221479374,High Value
CUST1218,5915.49,1445.84,6,4,1478.8725,24.44159317317754,Low Value
CUST1219,11037.17,1796.6100000000001,4,3,3679.056666666667,16.277813968616954,Medium Value
CUST1220,9365.74,2710.89,9,5,1873.148,28.944749694097847,Medium Value
CUST1221,34387.229999999996,7103.41,23,11,3126.111818181818,20.657116028246534,High Value
CUST1222,14403.21,2961.56,13,7,2057.6014285714286,20.561805319786355,High Value
CUST1223,5225.09,1057.67,6,3,1741.6966666666667,20.242139369848175,Low Value
CUST1225,7720.85,1658.7,11,4,1930.2125,21.48338589663055,Low Value
CUST1226,5422.7,1126.37,4,3,1807.5666666666666,20.771386947461597,Low Value
CUST1227,3298.55,661.71,5,3,1099.5166666666667,20.060632702247958,Very Low Value
CUST1228,14532.42,3082.43,12,6,2422.07,21.21071370081514,High Value
CUST1229,1139.49,323.51,2,1,1139.49,28.390771309972003,Very Low Value
CUST1230,7440.13,1881.08,7,5,1488.026,25.282891562378612,Low Value
CUST1231,5089.6,1236.43,3,2,2544.8,24.293264696636278,Low Value
CUST1232,1557.28,295.37,1,1,1557.28,18.967045104284395,Very Low Value
CUST1233,9341.86,2161.37,7,6,1556.9766666666667,23.136398961234697,Medium Value
CUST1234,21376.66,4563.2,10,6,3562.7766666666666,21.346646295539156,High Value
CUST1235,3125.97,769.63,3,3,1041.99,24.62051779127759,Very Low Value
CUST1236,3394.3199999999997,607.3,3,3,1131.4399999999998,17.89165429305428,Very Low Value
CUST1237,15391.5,3208.88,12,5,3078.3,20.84839034532047,High Value
CUST1238,2260.29,571.4,3,1,2260.29,25.27994195435099,Very Low Value
CUST1239,11373.08,2241.14,10,6,1895.5133333333333,19.705655811794166,Medium Value
CUST1240,3803.38,785.04,4,3,1267.7933333333333,20.640588108471935,Very Low Value
CUST1241,21667.07,5615.42,14,8,2708.38375,25.91684062496683,High Value
CUST1242,9755.81,1808.72,6,4,2438.9525,18.539926464332538,Medium Value
CUST1243,6104.91,936.49,3,2,3052.455,15.339947681456401,Low Value
CUST1244,474.72,157.2,1,1,474.72,33.11425682507583,Very Low Value
CUST1245,11109.5,2593.91,9,6,1851.5833333333333,23.3485755434538,Medium Value
CUST1246,13894.59,2466.34,10,5,2778.918,17.750361831475416,Medium Value
CUST1247,18887.95,4383.92,11,6,3147.991666666667,23.210141915877582,High Value
CUST1248,10998.52,3308.99,12,4,2749.63,30.085775177023816,Medium Value
CUST1249,6011.58,1409.37,8,3,2003.86,23.444252592496483,Low Value
CUST1250,9831.29,2368.3900000000003,14,4,2457.8225,24.09032792237845,Medium Value
CUST1251,4891.0,1228.17,4,1,4891.0,25.110815784093234,Very Low Value
CUST1252,18028.98,3480.29,5,2,9014.49,19.30386522143793,High Value
CUST1253,2418.5,694.46,3,3,806.1666666666666,28.714492454000418,Very Low Value
CUST1254,5227.290000000001,767.2,3,2,2613.6450000000004,14.6768210678956,Low Value
CUST1255,9775.05,1915.6399999999999,8,3,3258.35,19.59723991181631,Medium Value
CUST1256,5112.3,881.04,3,3,1704.1000000000001,17.233730414881755,Low Value
CUST1257,3188.12,824.19,5,2,1594.06,25.85191272599526,Very Low Value
CUST1258,16281.43,3622.21,15,8,2035.17875,22.2474930027645,High Value
CUST1259,9694.76,2192.36,6,4,2423.69,22.61386563463149,Medium Value
CUST1260,7900.6,1653.94,8,5,1580.1200000000001,20.934359415740577,Low Value
CUST1261,8172.27,1606.33,7,5,1634.4540000000002,19.655860611555905,Low Value
CUST1262,20794.11,4994.44,13,8,2599.26375,24.018532170888772,High Value
CUST1263,7668.45,1364.4299999999998,4,2,3834.225,17.792774289458755,Low Value
CUST1264,14000.98,3220.1,11,5,2800.196,22.999104348409897,Medium Value
CUST1265,7990.31,1627.0,3,2,3995.155,20.362163670746188,Low Value
CUST1266,7367.12,1568.4,9,5,1473.424,21.28918763370218,Low Value
CUST1267,10225.49,2568.16,8,5,2045.098,25.115275649382085,Medium Value
CUST1268,11992.92,2682.61,11,5,2398.584,22.368280618898485,Medium Value
CUST1269,8720.59,1851.44,13,6,1453.4316666666666,21.230673612679876,Low Value
CUST1270,19990.010000000002,4799.26,13,6,3331.6683333333335,24.00829214192489,High Value
CUST1271,8392.09,2164.59,7,5,1678.4180000000001,25.7932171842771,Low Value
CUST1272,10984.31,3237.92,9,4,2746.0775,29.477682257693022,Medium Value
CUST1273,3477.5699999999997,764.58,3,3,1159.1899999999998,21.9860419775878,Very Low Value
CUST1274,18457.510000000002,3729.32,12,7,2636.787142857143,20.204892209187477,High Value
CUST1275,7017.25,1503.6599999999999,6,4,1754.3125,21.428052299690048,Low Value
CUST1276,25660.08,6020.92,13,7,3665.7257142857147,23.464151319871178,High Value
CUST1277,7127.1,1258.3400000000001,4,3,2375.7000000000003,17.655708492935418,Low Value
CUST1278,5732.1900000000005,1205.92,5,5,1146.438,21.037683677617107,Low Value
CUST1279,2899.84,748.65,2,1,2899.84,25.81694162436548,Very Low Value
CUST1280,20719.73,4290.49,9,4,5179.9325,20.707267903587546,High Value
CUST1282,1316.39,226.49,1,1,1316.39,17.205387461162726,Very Low Value
CUST1283,20544.4,3993.5,9,7,2934.914285714286,19.438387103054847,High Value
CUST1284,2030.3600000000001,475.47999999999996,4,2,1015.1800000000001,23.41850706278689,Very Low Value
CUST1285,14080.09,3238.84,12,7,2011.4414285714286,23.002977963919268,Medium Value
CUST1286,2842.73,894.89,2,2,1421.365,31.479950610856466,Very Low Value
CUST1287,8861.07,1937.9099999999999,8,4,2215.2675,21.869932186519232,Low Value
CUST1288,6199.33,1173.45,4,3,2066.443333333333,18.928658419538888,Low Value
CUST1289,16290.5,3765.88,15,7,2327.214285714286,23.117031398667937,High Value
CUST1290,7201.070000000001,1761.05,4,3,2400.356666666667,24.455393434586803,Low Value
CUST1291,1742.8300000000002,420.76,2,2,871.4150000000001,24.14234320042689,Very Low Value
CUST1292,19447.18,4692.6,13,4,4861.795,24.129976685565723,High Value
CUST1293,9590.060000000001,1870.47,3,2,4795.030000000001,19.504257533320956,Medium Value
CUST1294,17038.78,4061.92,12,7,2434.1114285714284,23.839265487317757,High Value
CUST1295,12979.380000000001,2389.91,10,6,2163.23,18.413129132516342,Medium Value
CUST1296,3292.6800000000003,859.18,4,3,1097.5600000000002,26.093638009159708,Very Low Value
CUST1297,14210.6,2846.49,6,3,4736.866666666667,20.03075169239863,Medium Value
CUST1298,2789.14,756.6800000000001,3,3,929.7133333333333,27.129509454527206,Very Low Value
CUST1299,4844.110000000001,1176.15,7,5,968.8220000000001,24.280001899213683,Very Low Value
CUST1300,9303.11,1995.35,6,6,1550.5183333333334,21.4482038802078,Medium Value
CUST1301,8092.2300000000005,1558.2,6,4,2023.0575000000001,19.25550806143671,Low Value
CUST1302,7991.16,1935.98,5,3,2663.72,24.226520304936955,Low Value
CUST1303,4351.73,1194.59,7,3,1450.5766666666666,27.450921817300244,Very Low Value
CUST1304,7343.46,1618.73,6,3,2447.82,22.0431513210394,Low Value
CUST1305,13829.529999999999,3919.5,14,6,2304.9216666666666,28.34152715240504,Medium Value
CUST1306,6797.2300000000005,1403.56,7,5,1359.4460000000001,20.648999666040428,Low Value
CUST1307,16268.49,3490.1600000000003,16,9,1807.61,21.45349691335828,High Value
CUST1308,16244.17,3840.45,8,6,2707.3616666666667,23.642020491043862,High Value
CUST1309,7693.84,1021.0500000000001,3,2,3846.92,13.271006415522029,Low Value
CUST1310,18804.920000000002,4788.7,15,7,2686.417142857143,25.465144228212612,High Value
CUST1311,8900.47,2029.95,6,4,2225.1175,22.807222539933285,Low Value
CUST1312,1797.55,245.67,2,1,1797.55,13.666935551166864,Very Low Value
CUST1313,16948.29,3251.53,9,7,2421.184285714286,19.1850033248192,High Value
CUST1314,38677.15,8196.93,23,8,4834.64375,21.193210978575205,High Value
CUST1315,10909.66,2304.09,8,4,2727.415,21.119723254436895,Medium Value
CUST1316,11279.44,1770.53,8,4,2819.86,15.696967225323242,Medium Value
CUST1317,10775.310000000001,2205.54,5,2,5387.655000000001,20.468459840134525,Medium Value
CUST1318,13735.0,3065.73,14,9,1526.111111111111,22.32056789224609,Medium Value
CUST1319,22627.27,5185.08,14,8,2828.40875,22.915181548635783,High Value
CUST1320,4299.35,929.48,7,5,859.8700000000001,21.619081954248898,Very Low Value
CUST1321,16187.929999999998,3862.1200000000003,8,5,3237.586,23.858022613144488,High Value
CUST1322,14730.970000000001,3376.95,10,5,2946.1940000000004,22.924152313119908,High Value
CUST1323,3072.31,658.58,4,3,1024.1033333333332,21.435987904866373,Very Low Value
CUST1324,6518.42,1875.37,8,6,1086.4033333333334,28.770315505904804,Low Value
CUST1325,4705.33,937.95,6,4,1176.3325,19.93377722710203,Very Low Value
CUST1326,1154.4,373.6,2,1,1154.4,32.363132363132365,Very Low Value
CUST1327,4513.8099999999995,1035.63,4,4,1128.4524999999999,22.94358867564209,Very Low Value
CUST1328,8774.109999999999,1975.87,6,4,2193.5274999999997,22.519321047946743,Low Value
CUST1329,9502.24,2291.74,12,5,1900.4479999999999,24.117892202259675,Medium Value
CUST1330,14102.67,3534.71,7,3,4700.89,25.064119063978662,Medium Value
CUST1331,20143.79,4444.17,8,5,4028.7580000000003,22.062233571736005,High Value
CUST1332,18202.739999999998,3986.36,10,4,4550.6849999999995,21.89977992324233,High Value
CUST1333,21477.88,5324.849999999999,12,5,4295.576,24.7922513767653,High Value
CUST1334,7328.38,1609.27,5,3,2442.7933333333335,21.959423501510567,Low Value
CUST1335,2604.78,436.35,2,1,2604.78,16.75189459378527,Very Low Value
CUST1336,19119.07,3543.5099999999998,9,4,4779.7675,18.533903584222454,High Value
CUST1337,9604.66,1287.8899999999999,4,2,4802.33,13.40901187548544,Medium Value
CUST1338,7161.46,1484.6799999999998,6,5,1432.292,20.73152681157194,Low Value
CUST1339,15692.63,4237.51,14,9,1743.6255555555554,27.003185571825757,High Value
CUST1340,7585.860000000001,1581.99,6,3,2528.6200000000003,20.85445816295054,Low Value
CUST1341,9145.16,2408.62,7,6,1524.1933333333334,26.337647455047257,Medium Value
CUST1342,11991.48,2112.57,7,3,3997.16,17.61725825335989,Medium Value
CUST1343,2772.6800000000003,781.24,3,2,1386.3400000000001,28.17634923611812,Very Low Value
CUST1344,29571.58,6738.68,20,11,2688.3254545454547,22.787690072698176,High Value
CUST1345,66963.45,11345.64,33,12,5580.287499999999,16.943033849062434,High Value
CUST1346,4259.820000000001,1057.8799999999999,4,4,1064.9550000000002,24.83391317004004,Very Low Value
CUST1347,2459.66,607.73,4,2,1229.83,24.707886455851625,Very Low Value
CUST1348,5678.860000000001,1302.28,2,2,2839.4300000000003,22.932067351545907,Low Value
CUST1349,27694.28,6139.53,15,7,3956.325714285714,22.168946078395972,High Value
CUST1350,7142.83,1463.0900000000001,9,4,1785.7075,20.48333783668378,Low Value
CUST1351,3567.66,995.06,6,3,1189.22,27.891110700010653,Very Low Value
CUST1352,2098.13,584.21,3,2,1049.065,27.844318512198956,Very Low Value
CUST1353,19745.27,3552.28,11,9,2193.918888888889,17.990536467721128,High Value
CUST1354,3337.1,775.5600000000001,4,3,1112.3666666666666,23.240538191843218,Very Low Value
CUST1355,2803.85,738.8100000000001,3,2,1401.925,26.34984039802415,Very Low Value
CUST1356,5565.57,1230.8500000000001,5,4,1391.3925,22.115434717378456,Low Value
CUST1357,22325.84,4278.56,17,7,3189.405714285714,19.164161348464383,High Value
CUST1358,6889.82,1829.79,7,3,2296.6066666666666,26.557878144857195,Low Value
CUST1359,6857.19,1497.8899999999999,3,3,2285.73,21.844078988623618,Low Value
CUST1360,34056.4,6738.03,15,7,4865.2,19.784915610575396,High Value
CUST1361,9185.79,1871.3600000000001,6,4,2296.4475,20.37233596674864,Medium Value
CUST1363,5137.53,1209.26,5,3,1712.51,23.5377700957464,Low Value
CUST1364,15634.22,3201.27,13,7,2233.46,20.476045495074267,High Value
CUST1365,10260.29,2399.5,10,5,2052.058,23.38627855547942,Medium Value
CUST1366,16414.46,3739.4,14,7,2344.922857142857,22.781133220343527,High Value
CUST1367,14742.18,3875.67,17,9,1638.02,26.289666792835252,High Value
CUST1368,42349.03,8681.01,16,8,5293.62875,20.49872216671787,High Value
CUST1369,7564.55,1619.6999999999998,8,2,3782.275,21.411716493380304,Low Value
CUST1370,17880.47,5015.91,14,5,3576.094,28.052450522833013,High Value
CUST1371,7923.22,1422.37,6,3,2641.0733333333333,17.951918538170087,Low Value
CUST1372,8544.26,1728.6,6,4,2136.065,20.231125925475112,Low Value
CUST1373,11325.85,2502.36,7,3,3775.2833333333333,22.094235752724963,Medium Value
CUST1374,12492.23,2826.87,7,3,4164.076666666667,22.62902620268759,Medium Value
CUST1375,17555.42,3614.0299999999997,7,3,5851.806666666666,20.586405793766257,High Value
CUST1376,10493.3,2591.99,17,9,1165.9222222222222,24.701380881133677,Medium Value
CUST1377,14221.55,3147.07,9,5,2844.31,22.128881872932276,Medium Value
CUST1378,4567.49,796.75,6,2,2283.745,17.44393529049872,Very Low Value
CUST1379,6138.1900000000005,958.23,5,4,1534.5475000000001,15.610953717626858,Low Value
CUST1380,4585.5,786.66,3,2,2292.75,17.155381092574416,Very Low Value
CUST1381,22785.13,5264.759999999999,13,6,3797.521666666667,23.106122282383286,High Value
CUST1382,3272.1200000000003,819.99,7,3,1090.7066666666667,25.059900003667344,Very Low Value
CUST1383,8910.58,1853.3400000000001,5,4,2227.645,20.799319460686064,Low Value
CUST1384,3917.0499999999997,1010.0,6,4,979.2624999999999,25.784710432595958,Very Low Value
CUST1385,15027.9,2796.23,5,4,3756.975,18.606924453849174,High Value
CUST1386,15839.36,3849.54,10,5,3167.8720000000003,24.30363348014061,High Value
CUST1387,5987.450000000001,1427.55,4,4,1496.8625000000002,23.84237029119241,Low Value
CUST1388,37662.23,7922.83,15,8,4707.77875,21.036539790660296,High Value
CUST1389,23283.13,4984.2,11,5,4656.626,21.406915650945553,High Value
CUST1390,31040.33,4803.1900000000005,21,11,2821.848181818182,15.474030076355502,High Value
CUST1391,15288.670000000002,2694.82,9,5,3057.7340000000004,17.626255259613817,High Value
CUST1392,19049.61,4059.12,12,8,2381.20125,21.308152765332203,High Value
CUST1393,13053.5,2647.05,6,3,4351.166666666667,20.278469376029417,Medium Value
CUST1394,11299.07,2429.28,7,5,2259.814,21.499822551767537,Medium Value
CUST1395,25814.85,6042.389999999999,17,6,4302.474999999999,23.406643850341954,High Value
CUST1396,20897.21,4029.28,9,3,6965.736666666667,19.281425606576192,High Value
CUST1397,20835.86,4328.07,19,10,2083.5860000000002,20.7722167455531,High Value
CUST1398,13481.99,2549.69,5,3,4493.996666666667,18.91182236450257,Medium Value
CUST1399,12448.73,1944.1799999999998,4,2,6224.365,15.617496724565477,Medium Value
CUST1400,5232.44,1301.56,3,2,2616.22,24.874819395922362,Low Value
CUST1401,3509.7799999999997,677.49,3,2,1754.8899999999999,19.30291927129336,Very Low Value
CUST1402,1896.1,182.18,2,1,1896.1,9.608143030430885,Very Low Value
CUST1403,573.9,139.36,1,1,573.9,24.28297612824534,Very Low Value
CUST1404,5595.9,1188.99,4,2,2797.95,21.247520506084815,Low Value
CUST1405,10016.7,2150.86,6,4,2504.175,21.472740523326046,Medium Value
CUST1406,10708.56,1878.3200000000002,10,5,2141.712,17.540360235176347,Medium Value
CUST1407,3233.88,750.9,3,3,1077.96,23.219785520798546,Very Low Value
CUST1408,2481.87,652.9,3,3,827.29,26.30677674495441,Very Low Value
CUST1409,5396.25,1054.94,2,2,2698.125,19.549501968959927,Low Value
CUST1410,10927.79,1925.1799999999998,10,5,2185.558,17.617285837301043,Medium Value
CUST1411,2424.1,776.0,4,1,2424.1,32.01188069799101,Very Low Value
CUST1412,19916.69,4436.62,14,6,3319.4483333333333,22.275890220714388,High Value
CUST1413,4642.25,1162.66,3,3,1547.4166666666667,25.04518283160106,Very Low Value
CUST1414,11652.81,3671.0499999999997,10,4,2913.2025,31.50356008550727,Medium Value
CUST1415,3978.2099999999996,1040.01,4,3,1326.07,26.14266215207342,Very Low Value
CUST1416,4704.94,878.6700000000001,3,2,2352.47,18.675477264322186,Very Low Value
CUST1417,22244.05,4351.31,17,7,3177.7214285714285,19.561680539290286,High Value
CUST1418,2063.55,528.01,2,2,1031.775,25.587458505972716,Very Low Value
CUST1419,15916.05,3517.3999999999996,10,4,3979.0125,22.099704386452668,High Value
CUST1420,33848.96,8036.3099999999995,19,9,3760.9955555555553,23.741674781145417,High Value
CUST1421,1596.54,309.43,2,2,798.27,19.381287033209315,Very Low Value
CUST1422,13713.199999999999,2747.8900000000003,11,6,2285.5333333333333,20.0382842808389,Medium Value
CUST1423,18998.72,3779.82,15,6,3166.4533333333334,19.895129777163937,High Value
CUST1424,8580.56,1597.15,7,6,1430.0933333333332,18.613586991991202,Low Value
CUST1425,9514.5,1565.04,7,5,1902.9,16.44899889642125,Medium Value
CUST1426,7011.38,1135.18,3,3,2337.1266666666666,16.19053595725806,Low Value
CUST1427,3012.35,583.83,1,1,3012.35,19.381214002356966,Very Low Value
CUST1428,14176.939999999999,2579.6099999999997,10,4,3544.2349999999997,18.1958165866541,Medium Value
CUST1429,5224.56,816.98,3,2,2612.28,15.63729768631234,Low Value
CUST1430,4656.97,1278.92,3,2,2328.485,27.462491705980497,Very Low Value
CUST1431,5320.889999999999,1189.6399999999999,6,4,1330.2224999999999,22.35791380765248,Low Value
CUST1432,8063.94,1476.41,6,3,2687.98,18.30879198009906,Low Value
CUST1433,15393.130000000001,3761.58,9,5,3078.626,24.436745483212313,High Value
CUST1434,5289.38,964.3499999999999,6,3,1763.1266666666668,18.231815449069643,Low Value
CUST1435,1031.09,278.23,2,2,515.545,26.984065406511558,Very Low Value
CUST1436,23832.7,3935.98,12,4,5958.175,16.5150402598111,High Value
CUST1437,13112.92,3238.69,11,6,2185.4866666666667,24.698465330376454,Medium Value
CUST1438,4192.48,1009.3000000000001,4,3,1397.493333333333,24.07405640575507,Very Low Value
CUST1439,6370.610000000001,1575.82,6,3,2123.536666666667,24.735778834365938,Low Value
CUST1440,5693.22,1481.2199999999998,3,2,2846.61,26.017262638717625,Low Value
CUST1441,10284.04,1804.68,6,4,2571.01,17.54835648247187,Medium Value
CUST1442,13108.36,2451.73,9,6,2184.726666666667,18.703560170761254,Medium Value
CUST1443,13483.47,3004.4,5,4,3370.8675,22.282098005928745,Medium Value
CUST1444,7540.16,1716.3799999999999,9,3,2513.3866666666668,22.763177439205535,Low Value
CUST1445,755.89,184.2,2,2,377.945,24.36862506449351,Very Low Value
CUST1446,8722.550000000001,2095.76,11,6,1453.7583333333334,24.026918733627205,Low Value
CUST1447,3266.55,482.17,1,1,3266.55,14.76083329506666,Very Low Value
CUST1448,20051.38,3129.08,8,4,5012.845,15.605309958716058,High Value
CUST1449,5912.69,1441.1100000000001,5,5,1182.538,24.37317024907445,Low Value
CUST1450,5737.24,1553.74,7,5,1147.4479999999999,27.081662959890124,Low Value
CUST1451,4903.01,1187.61,4,3,1634.3366666666668,24.222059510382397,Very Low Value
CUST1452,3069.0,695.7,4,3,1023.0,22.66862170087977,Very Low Value
CUST1453,19219.65,4274.83,6,3,6406.55,22.241976310702846,High Value
CUST1454,17880.91,4094.54,12,6,2980.1516666666666,22.89894641827513,High Value
CUST1455,28875.319999999996,6041.27,11,6,4812.553333333332,20.921915324228447,High Value
CUST1456,12479.560000000001,3159.46,11,7,1782.794285714286,25.31707848674152,Medium Value
CUST1457,12073.59,2940.52,7,6,2012.265,24.354976440313113,Medium Value
CUST1458,7004.01,1682.83,5,5,1400.8020000000001,24.026664724921865,Low Value
CUST1459,9300.59,1281.61,6,3,3100.1966666666667,13.77987848082756,Medium Value
CUST1460,13600.89,2657.11,12,7,1942.9842857142855,19.536295051279733,Medium Value
CUST1461,9283.48,2159.33,7,3,3094.4933333333333,23.25991977146501,Medium Value
CUST1462,1168.43,227.92,1,1,1168.43,19.506517292435145,Very Low Value
CUST1464,20108.53,5031.75,15,8,2513.56625,25.022962891867284,High Value
CUST1465,3025.13,629.5999999999999,4,3,1008.3766666666667,20.812328726368783,Very Low Value
CUST1466,9506.36,1955.95,7,5,1901.2720000000002,20.57517283166217,Medium Value
CUST1467,3108.6499999999996,882.25,4,3,1036.2166666666665,28.38048670644814,Very Low Value
CUST1468,2313.83,459.04999999999995,2,2,1156.915,19.839400474537886,Very Low Value
CUST1469,3847.9399999999996,1109.48,8,2,1923.9699999999998,28.833089913044386,Very Low Value
CUST1470,1663.5700000000002,447.76,2,2,831.7850000000001,26.915609201897123,Very Low Value
CUST1471,2127.81,583.45,3,1,2127.81,27.420211391054654,Very Low Value
CUST1472,4686.48,886.23,2,2,2343.24,18.910354893224767,Very Low Value
CUST1473,16202.7,3644.41,8,4,4050.675,22.492609256481945,High Value
CUST1474,15974.95,3230.46,6,3,5324.983333333334,20.222035123740607,High Value
CUST1475,13190.62,3476.71,7,6,2198.436666666667,26.35744187915352,Medium Value
CUST1476,10308.95,2852.3,6,4,2577.2375,27.668191231890738,Medium Value
CUST1477,1601.73,404.37,2,2,800.865,25.245827948530653,Very Low Value
CUST1478,14521.66,3800.0499999999997,7,4,3630.415,26.168151574957683,High Value
CUST1479,10734.11,2504.48,7,4,2683.5275,23.33197628867228,Medium Value
CUST1480,3884.4,817.09,4,4,971.1,21.035166306250645,Very Low Value
CUST1481,3436.0,1005.82,6,3,1145.3333333333333,29.27299185098952,Very Low Value
CUST1482,6926.969999999999,1816.16,10,4,1731.7424999999998,26.21867858529776,Low Value
CUST1483,9544.42,2147.16,2,1,9544.42,22.496495334446724,Medium Value
CUST1484,4012.75,716.5799999999999,4,3,1337.5833333333333,17.85757896704255,Very Low Value
CUST1485,12819.55,2272.96,12,5,2563.91,17.730419554508543,Medium Value
CUST1486,19390.53,4450.05,9,4,4847.6325,22.94960478130304,High Value
CUST1488,16416.030000000002,2913.34,10,5,3283.2060000000006,17.74692175879308,High Value
CUST1489,10135.51,1975.0,10,6,1689.2516666666668,19.48594594647926,Medium Value
CUST1490,5465.71,1063.4099999999999,6,5,1093.142,19.456026755901792,Low Value
CUST1491,11707.89,2891.81,7,4,2926.9725,24.699668343313782,Medium Value
CUST1492,1413.37,392.38,2,2,706.685,27.762015608085637,Very Low Value
CUST1493,5177.37,1424.48,5,2,2588.685,27.513583151291098,Low Value
CUST1494,8959.61,2199.94,6,5,1791.922,24.553970541128464,Low Value
CUST1495,9689.42,2666.88,7,4,2422.355,27.523628865298438,Medium Value
CUST1496,12370.84,3033.07,10,5,2474.168,24.51789854205535,Medium Value
CUST1497,21054.17,3664.9100000000003,9,4,5263.5425,17.407050479786193,High Value
CUST1498,10293.45,2871.58,9,7,1470.4928571428572,27.897157901383885,Medium Value
CUST1499,22385.17,5164.42,20,8,2798.14625,23.070720481461613,High Value
CUST1500,7948.27,2075.9300000000003,7,4,1987.0675,26.118010585951414,Low Value
CUST1501,4494.75,667.2,4,2,2247.375,14.843984648756884,Very Low Value
CUST1502,19154.18,3162.64,11,6,3192.3633333333332,16.51148730981958,High Value
CUST1503,4491.13,1087.53,4,4,1122.7825,24.215063914872204,Very Low Value
CUST1504,848.56,228.76,2,1,848.56,26.95861223720185,Very Low Value
CUST1505,10294.93,2586.5,8,5,2058.986,25.12401735611607,Medium Value
CUST1506,5023.589999999999,915.8499999999999,3,3,1674.5299999999997,18.23098620707502,Very Low Value
CUST1507,2150.54,622.4200000000001,2,2,1075.27,28.942498163252022,Very Low Value
CUST1508,13321.89,2541.0,3,2,6660.945,19.073870149055427,Medium Value
CUST1509,8628.98,2371.32,8,3,2876.3266666666664,27.48088418329861,Low Value
CUST1510,9074.77,1901.4699999999998,10,4,2268.6925,20.953368515124897,Low Value
CUST1511,12593.42,2453.95,11,7,1799.06,19.48596965717017,Medium Value
CUST1512,4509.76,1187.9,5,4,1127.44,26.340647839352872,Very Low Value
CUST1513,6077.7699999999995,1572.9299999999998,7,5,1215.5539999999999,25.88005140043141,Low Value
CUST1514,23394.93,4414.469999999999,12,5,4678.986,18.869344768289537,High Value
CUST1515,8220.279999999999,1982.41,8,5,1644.0559999999998,24.116088503068024,Low Value
CUST1516,4201.54,1108.48,6,4,1050.385,26.38270729304017,Very Low Value
CUST1517,9044.83,2130.05,11,7,1292.1185714285714,23.549917466663278,Low Value
CUST1518,18761.88,4376.1900000000005,17,8,2345.235,23.32490134250939,High Value
CUST1519,4310.64,1007.02,4,2,2155.32,23.36126422062617,Very Low Value
CUST1520,8575.32,1880.52,10,4,2143.83,21.929444032409286,Low Value
CUST1521,9263.380000000001,2573.81,14,8,1157.9225000000001,27.784782660324847,Medium Value
CUST1522,21458.79,4501.73,13,7,3065.5414285714287,20.97848946748628,High Value
CUST1523,22603.35,5726.91,9,5,4520.67,25.336554094857622,High Value
CUST1524,15498.01,3633.35,13,5,3099.602,23.443977646162313,High Value
CUST1525,16041.31,3068.6400000000003,10,6,2673.5516666666667,19.129609738855496,High Value
CUST1526,23133.899999999998,4379.13,15,8,2891.7374999999997,18.929493081581576,High Value
CUST1527,13519.0,2638.2799999999997,13,6,2253.1666666666665,19.515348768400028,Medium Value
CUST1528,17888.510000000002,4328.14,16,7,2555.5014285714287,24.19508388345368,High Value
CUST1529,17066.42,3125.8399999999997,13,4,4266.605,18.3157334695853,High Value
CUST1530,6535.71,1639.67,6,5,1307.142,25.087863445593516,Low Value
CUST1531,12143.01,3065.15,13,8,1517.87625,25.242094011287154,Medium Value
CUST1532,11004.3,3456.2599999999998,6,2,5502.15,31.40826767718074,Medium Value
CUST1533,12988.94,3175.06,14,6,2164.8233333333333,24.444334949580178,Medium Value
CUST1534,6770.1900000000005,1802.6499999999999,6,5,1354.038,26.62628375274549,Low Value
CUST1535,13315.119999999999,2032.42,8,5,2663.024,15.264000624853551,Medium Value
CUST1536,8182.54,1497.54,7,3,2727.5133333333333,18.301652054252102,Low Value
CUST1537,9739.75,2506.7400000000002,9,5,1947.95,25.73721091403784,Medium Value
CUST1538,10604.18,2257.19,8,4,2651.045,21.28585142839899,Medium Value
CUST1539,3482.96,522.3,2,2,1741.48,14.995865585593862,Very Low Value
CUST1540,7560.61,1459.21,6,4,1890.1525,19.300162288492597,Low Value
CUST1541,10803.66,2080.35,10,4,2700.915,19.25597436424323,Medium Value
CUST1542,11909.42,2400.92,12,5,2381.884,20.15983985786042,Medium Value
CUST1543,20830.13,3536.32,10,5,4166.026,16.97694637527466,High Value
CUST1544,5699.18,1214.66,5,4,1424.795,21.312890626370812,Low Value
CUST1545,9095.83,2498.65,7,2,4547.915,27.470280337253445,Low Value
CUST1546,2929.27,864.76,4,3,976.4233333333333,29.521348322278246,Very Low Value
CUST1547,3533.9700000000003,906.05,5,3,1177.99,25.6383047960226,Very Low Value
CUST1548,21018.170000000002,5120.78,15,7,3002.5957142857146,24.36358636360825,High Value
CUST1549,11335.29,2868.76,5,3,3778.4300000000003,25.30821884574634,Medium Value
CUST1550,3662.24,1017.1199999999999,4,3,1220.7466666666667,27.773166149678886,Very Low Value
CUST1551,3315.89,683.9000000000001,3,2,1657.945,20.62493026005085,Very Low Value
CUST1552,6469.84,1109.96,4,4,1617.46,17.155911119904047,Low Value
CUST1553,10674.52,2327.55,9,5,2134.904,21.80472751936387,Medium Value
CUST1554,19573.989999999998,3942.12,11,5,3914.798,20.139583191776435,High Value
CUST1555,14738.18,3273.42,9,4,3684.545,22.210476463172522,High Value
CUST1556,9347.94,2025.28,3,2,4673.97,21.66552202945248,Medium Value
CUST1557,8634.32,2515.19,7,3,2878.1066666666666,29.13014574396131,Low Value
CUST1558,11531.96,2945.0,11,4,2882.99,25.537722988980192,Medium Value
CUST1559,12975.619999999999,2375.0699999999997,5,2,6487.8099999999995,18.304096451653177,Medium Value
CUST1560,16325.41,3068.27,13,6,2720.9016666666666,18.79444375363314,High Value
CUST1561,9854.36,1674.23,5,5,1970.872,16.989738552275337,Medium Value
CUST1562,1850.6599999999999,506.47,3,2,925.3299999999999,27.366993396950278,Very Low Value
CUST1563,6111.7699999999995,1530.03,6,5,1222.3539999999998,25.034155408335067,Low Value
CUST1564,10093.01,2286.02,12,6,1682.1683333333333,22.649536659529716,Medium Value
CUST1565,21856.710000000003,4616.6,10,3,7285.570000000001,21.122117647166476,High Value
CUST1566,21941.24,4036.5499999999997,12,5,4388.2480000000005,18.39709150439993,High Value
CUST1567,10232.7,1574.97,5,3,3410.9,15.391538890029025,Medium Value
CUST1568,36220.48,7739.3,14,7,5174.354285714287,21.3671933668466,High Value
CUST1569,14326.53,2582.3,12,5,2865.306,18.024601909883273,High Value
CUST1570,10105.34,2025.97,9,5,2021.068,20.048509006129432,Medium Value
CUST1571,11997.759999999998,2680.1800000000003,8,3,3999.2533333333326,22.339003280612385,Medium Value
CUST1572,2989.04,642.81,2,2,1494.52,21.505567004790834,Very Low Value
CUST1573,15271.16,3510.08,12,6,2545.193333333333,22.98502536807944,High Value
CUST1574,16349.38,3329.52,10,7,2335.6257142857144,20.364808940767173,High Value
CUST1575,29111.86,6845.65,22,9,3234.6511111111113,23.51498667553361,High Value
CUST1576,23232.16,4354.54,14,5,4646.432,18.74358647667716,High Value
CUST1577,26180.239999999998,4953.75,14,4,6545.0599999999995,18.921713475506717,High Value
CUST1578,12994.32,2352.2599999999998,9,5,2598.864,18.10221696864476,Medium Value
CUST1579,12859.460000000001,3580.7,11,5,2571.8920000000003,27.844870624427458,Medium Value
CUST1580,3851.7900000000004,882.8199999999999,5,3,1283.93,22.919733422642455,Very Low Value
CUST1581,12882.91,2303.38,6,4,3220.7275,17.879345582636223,Medium Value
CUST1582,25114.28,6021.82,10,5,5022.856,23.977673259993914,High Value
CUST1583,5566.469999999999,1224.56,3,2,2783.2349999999997,21.998861037605522,Low Value
CUST1584,7102.110000000001,1497.82,8,4,1775.5275000000001,21.089788809241195,Low Value
CUST1586,1355.18,270.75,2,2,677.59,19.978895792440856,Very Low Value
CUST1587,1238.59,336.49,1,1,1238.59,27.167182037639577,Very Low Value
CUST1588,11883.85,2561.1400000000003,7,4,2970.9625,21.551433247642812,Medium Value
CUST1589,29077.11,6110.76,8,4,7269.2775,21.01570616887304,High Value
CUST1590,10828.23,2310.28,9,6,1804.705,21.335712300163557,Medium Value
CUST1591,8730.779999999999,1624.99,7,4,2182.6949999999997,18.61219730654077,Low Value
CUST1592,18731.53,3834.69,11,5,3746.3059999999996,20.471846133230976,High Value
CUST1593,16251.32,3247.43,13,9,1805.7022222222222,19.982561416549547,High Value
CUST1594,23148.46,4159.82,13,6,3858.0766666666664,17.97018030573092,High Value
CUST1595,10867.140000000001,2473.13,6,3,3622.3800000000006,22.757873736788152,Medium Value
CUST1596,12961.09,3258.02,11,5,2592.218,25.136929070008772,Medium Value
CUST1597,14149.92,3111.87,12,6,2358.32,21.992138471454254,Medium Value
CUST1598,2127.82,492.52,2,2,1063.91,23.14669473921666,Very Low Value
CUST1599,3279.21,721.9200000000001,3,2,1639.605,22.01505850494479,Very Low Value
CUST1600,7007.27,1282.2,6,4,1751.8175,18.298138932851167,Low Value
CUST1601,7681.499999999999,1908.21,4,3,2560.4999999999995,24.841632493653588,Low Value
CUST1602,8818.57,1986.0,11,6,1469.7616666666665,22.520658111235722,Low Value
CUST1603,14848.16,4095.2400000000002,16,5,2969.632,27.580791155267725,High Value
CUST1604,17865.87,3961.8399999999997,14,8,2233.23375,22.17546640605803,High Value
CUST1605,5539.56,1370.8600000000001,7,5,1107.912,24.746730787282743,Low Value
CUST1606,4388.92,1341.14,7,3,1462.9733333333334,30.55740364372101,Very Low Value
CUST1607,7658.7300000000005,1394.12,6,2,3829.3650000000002,18.20301799384493,Low Value
CUST1608,14256.06,3042.2200000000003,10,6,2376.0099999999998,21.33983723413061,Medium Value
CUST1609,2473.41,709.85,4,3,824.4699999999999,28.699245171645625,Very Low Value
CUST1610,10550.37,2786.7799999999997,11,5,2110.074,26.414049933793788,Medium Value
CUST1611,4726.57,959.8900000000001,2,2,2363.285,20.308384304051355,Very Low Value
CUST1612,1569.03,325.95,2,2,784.515,20.77398137702912,Very Low Value
CUST1613,4338.32,852.37,1,1,4338.32,19.647467222334914,Very Low Value
CUST1614,4330.48,975.96,4,4,1082.62,22.53699358962517,Very Low Value
CUST1615,7079.42,1392.79,6,4,1769.855,19.673786835644727,Low Value
CUST1616,19847.87,4679.71,11,5,3969.5739999999996,23.577895260297453,High Value
CUST1617,17126.09,4049.0,13,5,3425.218,23.642290797257285,High Value
CUST1618,23402.85,5317.24,13,9,2600.3166666666666,22.720480625222997,High Value
CUST1619,8130.3,1821.76,9,5,1626.06,22.407045250482764,Low Value
CUST1620,14913.369999999999,3178.25,10,4,3728.3424999999997,21.311413852134027,High Value
CUST1621,14282.18,2753.56,11,6,2380.3633333333332,19.279689795255344,High Value
CUST1623,12484.1,2927.51,8,5,2496.82,23.449908283336406,Medium Value
CUST1624,14047.11,3024.0600000000004,8,5,2809.422,21.52798689552513,Medium Value
CUST1625,19109.44,4503.86,12,8,2388.68,23.568770199440696,High Value
CUST1626,13435.95,2862.7000000000003,4,2,6717.975,21.306271607143522,Medium Value
CUST1627,10724.59,2557.7,9,7,1532.0842857142857,23.84893035537955,Medium Value
CUST1628,24047.399999999998,4398.42,13,8,3005.9249999999997,18.290626013623097,High Value
CUST1629,10369.57,2355.12,8,5,2073.9139999999998,22.711838581541954,Medium Value
CUST1630,7141.43,1804.97,7,2,3570.715,25.274629871048237,Low Value
CUST1631,6137.76,1745.65,6,2,3068.88,28.441157686191705,Low Value
CUST1632,4318.2,1050.46,2,2,2159.1,24.326339678569774,Very Low Value
CUST1633,9608.32,1866.4899999999998,5,2,4804.16,19.425768500632785,Medium Value
CUST1634,8594.82,1778.79,6,3,2864.94,20.696070423813413,Low Value
CUST1635,3550.2,843.06,4,3,1183.3999999999999,23.74683116444144,Very Low Value
CUST1636,6088.6,1430.91,4,3,2029.5333333333335,23.501461748185132,Low Value
CUST1637,8061.4,2018.55,8,4,2015.35,25.03969533827871,Low Value
CUST1638,6751.74,1222.09,4,3,2250.58,18.100371163581535,Low Value
CUST1639,18823.8,3619.04,17,9,2091.5333333333333,19.225873628066598,High Value
CUST1640,26495.0,5478.61,24,10,2649.5,20.67790149084733,High Value
CUST1641,4040.96,901.04,5,3,1346.9866666666667,22.297671840354766,Very Low Value
CUST1642,6127.0599999999995,1197.51,6,4,1531.7649999999999,19.544610302494185,Low Value
CUST1643,13335.38,2123.0,4,2,6667.69,15.920056271362345,Medium Value
CUST1644,9873.82,2446.35,8,6,1645.6366666666665,24.776125147106185,Medium Value
CUST1645,2721.58,842.51,2,2,1360.79,30.95665018114478,Very Low Value
CUST1646,10901.07,2264.45,7,5,2180.214,20.77273148415706,Medium Value
CUST1647,5424.02,1183.52,6,3,1808.006666666667,21.819978539902138,Low Value
CUST1648,5235.200000000001,1397.6100000000001,4,4,1308.8000000000002,26.69640128361858,Low Value
CUST1649,2187.31,549.6,3,2,1093.655,25.12675386662156,Very Low Value
CUST1650,2246.19,598.37,3,3,748.73,26.639331490212314,Very Low Value
CUST1651,6017.02,1964.41,5,1,6017.02,32.64755643158906,Low Value
CUST1652,7528.700000000001,1289.2,5,2,3764.3500000000004,17.123806234808132,Low Value
CUST1653,14254.859999999999,2971.94,13,5,2850.9719999999998,20.84860882534097,Medium Value
CUST1654,14837.349999999999,2925.96,11,6,2472.8916666666664,19.72023306048587,High Value
CUST1655,20047.14,4770.54,11,5,4009.428,23.796611386960933,High Value
CUST1656,10716.189999999999,2154.09,8,6,1786.0316666666665,20.101267334752375,Medium Value
CUST1657,24591.7,5749.969999999999,15,5,4918.34,23.381750753302942,High Value
CUST1658,5673.08,1504.02,7,6,945.5133333333333,26.511524603918858,Low Value
CUST1659,18441.91,5336.82,11,5,3688.382,28.9385426997529,High Value
CUST1660,8774.0,2722.84,10,3,2924.6666666666665,31.033052199680878,Low Value
CUST1661,14939.99,3196.55,15,8,1867.49875,21.39593132257786,High Value
CUST1662,23231.059999999998,4062.78,16,8,2903.8824999999997,17.48856918280957,High Value
CUST1663,3386.45,947.63,3,2,1693.225,27.98299103781246,Very Low Value
CUST1664,2223.52,541.97,4,2,1111.76,24.3744153414406,Very Low Value
CUST1665,14092.41,2655.35,12,8,1761.55125,18.84241233401526,Medium Value
CUST1666,14376.98,2701.0099999999998,9,4,3594.245,18.787047071081687,High Value
CUST1667,1870.71,451.28000000000003,2,2,935.355,24.123461145768186,Very Low Value
CUST1668,7532.02,1626.83,6,4,1883.005,21.598853959495592,Low Value
CUST1669,16147.98,3203.12,9,7,2306.8542857142857,19.83604141199085,High Value
CUST1670,30173.21,6006.96,11,4,7543.3025,19.90825636384064,High Value
CUST1671,29101.97,4843.03,11,5,5820.394,16.64158818114375,High Value
CUST1672,16013.449999999999,3659.2200000000003,12,5,3202.6899999999996,22.85091594878056,High Value
CUST1673,6420.26,1766.4,5,4,1605.065,27.512904461813076,Low Value
CUST1674,2894.38,723.81,4,3,964.7933333333334,25.007428188420317,Very Low Value
CUST1675,4725.77,1161.49,3,3,1575.256666666667,24.577793671719103,Very Low Value
CUST1676,6022.12,1371.18,9,4,1505.53,22.769058072572452,Low Value
CUST1677,6825.2,1710.58,5,4,1706.3,25.06270878509055,Low Value
CUST1678,3622.68,705.91,3,2,1811.34,19.485850254507714,Very Low Value
CUST1679,16516.28,3651.86,10,5,3303.256,22.11066898841628,High Value
CUST1680,6100.54,963.79,5,3,2033.5133333333333,15.798437515367493,Low Value
CUST1681,6747.900000000001,1779.0900000000001,8,3,2249.3,26.365091361756992,Low Value
CUST1682,15108.560000000001,2971.51,8,5,3021.7120000000004,19.667724786478658,High Value
CUST1683,11947.779999999999,3212.6,12,6,1991.2966666666664,26.888677227066456,Medium Value
CUST1684,15878.03,3533.06,15,6,2646.3383333333336,22.251249052936668,High Value
CUST1685,14008.19,2799.9300000000003,8,7,2001.17,19.9878071328273,Medium Value
CUST1686,20924.37,4013.7099999999996,9,3,6974.79,19.18198731909252,High Value
CUST1687,10552.789999999999,2330.12,7,4,2638.1974999999998,22.0806061714485,Medium Value
CUST1688,5374.0,1358.6100000000001,8,5,1074.8,25.281168589505025,Low Value
CUST1689,4073.24,1211.71,4,3,1357.7466666666667,29.748062967072897,Very Low Value
CUST1690,17458.64,4109.33,11,4,4364.66,23.537514949618068,High Value
CUST1691,8908.45,2031.05,7,6,1484.7416666666668,22.799140142224513,Low Value
CUST1692,5157.59,1479.13,10,4,1289.3975,28.678704588771115,Low Value
CUST1693,5799.0,1346.95,8,5,1159.8,23.227280565614763,Low Value
CUST1694,20263.18,3796.5,8,4,5065.795,18.73595358675193,High Value
CUST1695,9753.96,2254.11,5,4,2438.49,23.10969083326157,Medium Value
CUST1696,5130.81,1282.04,9,4,1282.7025,24.987087808747543,Low Value
CUST1697,14253.87,4037.5,11,5,2850.7740000000003,28.325640685652388,Medium Value
CUST1698,17035.27,3851.71,17,6,2839.2116666666666,22.610208115280823,High Value
CUST1699,17317.4,3104.67,10,4,4329.35,17.928037696189957,High Value
CUST1700,3030.08,502.88,2,2,1515.04,16.596261484845286,Very Low Value
CUST1701,1523.94,519.76,2,2,761.97,34.106329645524106,Very Low Value
CUST1702,18209.03,4374.25,14,12,1517.4191666666666,24.022421842349647,High Value
CUST1703,12549.150000000001,2784.95,6,6,2091.525,22.19233972022009,Medium Value
CUST1704,20277.760000000002,3444.06,12,6,3379.626666666667,16.98442036990279,High Value
CUST1705,1203.46,408.21,1,1,1203.46,33.9196982035132,Very Low Value
CUST1706,7894.6900000000005,1745.9499999999998,9,4,1973.6725000000001,22.11549788528745,Low Value
CUST1707,14665.46,3792.67,8,3,4888.486666666667,25.861241311216972,High Value
CUST1708,4504.66,1148.59,6,3,1501.5533333333333,25.497817815329014,Very Low Value
CUST1709,6532.98,1597.59,10,3,2177.66,24.454230687986186,Low Value
CUST1710,16704.97,4627.35,19,8,2088.12125,27.70043885143164,High Value
CUST1711,4697.05,1095.0,6,3,1565.6833333333334,23.31250465717844,Very Low Value
CUST1712,11615.19,2557.58,8,4,2903.7975,22.019269594384593,Medium Value
CUST1713,6880.67,1433.71,3,3,2293.556666666667,20.836778976465954,Low Value
CUST1714,11704.08,2482.11,7,4,2926.02,21.207220046342815,Medium Value
CUST1715,6545.11,1622.23,7,4,1636.2775,24.785374118998764,Low Value
CUST1716,4252.879999999999,961.35,4,3,1417.6266666666663,22.60468200372454,Very Low Value
CUST1717,25005.489999999998,5450.17,15,7,3572.212857142857,21.795893621760666,High Value
CUST1718,7184.47,1584.44,7,6,1197.4116666666666,22.053679672961263,Low Value
CUST1719,5310.52,1252.75,4,4,1327.63,23.58996859064649,Low Value
CUST1720,392.19,120.67,1,1,392.19,30.768250082867997,Very Low Value
CUST1721,31098.03,5687.63,14,5,6219.606,18.2893578789396,High Value
CUST1722,2405.7200000000003,654.04,4,2,1202.8600000000001,27.18687129009194,Very Low Value
CUST1723,5927.19,1704.87,7,3,1975.7299999999998,28.763545626173613,Low Value
CUST1724,3144.79,646.5699999999999,2,2,1572.395,20.560037395183777,Very Low Value
CUST1725,10866.88,2161.64,12,5,2173.3759999999997,19.892002120203774,Medium Value
CUST1726,18791.809999999998,3828.38,10,7,2684.5442857142853,20.37259848838404,High Value
CUST1727,5508.47,1282.67,4,3,1836.1566666666668,23.28541319095865,Low Value
CUST1728,6163.780000000001,1353.6999999999998,5,4,1540.9450000000002,21.962172562940268,Low Value
CUST1730,10445.16,2080.36,6,3,3481.72,19.916975900799986,Medium Value
CUST1731,22200.04,3991.16,16,7,3171.434285714286,17.978165805106656,High Value
CUST1732,6816.51,2010.36,7,6,1136.085,29.49251156383545,Low Value
CUST1733,12765.7,3098.87,10,5,2553.1400000000003,24.27497121191944,Medium Value
CUST1734,12314.04,2748.48,5,3,4104.68,22.3198885174971,Medium Value
CUST1735,17667.45,3413.02,16,9,1963.0500000000002,19.318124573721732,High Value
CUST1736,10959.380000000001,2737.27,11,6,1826.5633333333335,24.976504145307487,Medium Value
CUST1737,9789.939999999999,2319.92,11,4,2447.4849999999997,23.69697873531401,Medium Value
CUST1738,18540.02,3864.33,9,5,3708.004,20.843181398941315,High Value
CUST1739,10173.92,2505.71,9,5,2034.784,24.62875666409801,Medium Value
CUST1740,6079.1,1185.03,4,3,2026.3666666666668,19.493510552548894,Low Value
CUST1741,7003.18,1474.39,7,5,1400.636,21.053150140364806,Low Value
CUST1742,5804.1900000000005,1363.67,9,3,1934.7300000000002,23.494578916265663,Low Value
CUST1743,6656.75,1681.4899999999998,5,3,2218.9166666666665,25.25992413715401,Low Value
CUST1744,14427.83,2721.52,9,6,2404.6383333333333,18.862989098152667,High Value
CUST1745,3095.38,856.94,3,2,1547.69,27.68448461901285,Very Low Value
CUST1746,10363.42,2447.7999999999997,8,5,2072.684,23.61961591829724,Medium Value
CUST1747,4171.8099999999995,1011.3100000000001,4,3,1390.6033333333332,24.24151627231346,Very Low Value
CUST1748,2628.8500000000004,804.14,2,2,1314.4250000000002,30.58904083534625,Very Low Value
CUST1749,8238.56,1731.0,8,5,1647.712,21.010953370491933,Low Value
CUST1750,6938.88,1357.59,3,2,3469.44,19.56497302158273,Low Value
CUST1751,7332.96,1690.57,6,4,1833.24,23.054400951321156,Low Value
CUST1752,18547.68,3650.8,15,6,3091.28,19.683324275596732,High Value
CUST1753,16645.91,3840.52,7,4,4161.4775,23.071853686581267,High Value
CUST1754,24581.46,6121.74,17,8,3072.6825,24.903890981251724,High Value
CUST1755,18108.39,3498.92,11,7,2586.912857142857,19.322093239653,High Value
CUST1756,18778.18,3782.85,9,5,3755.636,20.144923522939923,High Value
CUST1757,8712.73,1928.76,11,6,1452.1216666666667,22.13726352130733,Low Value
CUST1758,6179.94,1511.22,8,4,1544.985,24.453635472189053,Low Value
CUST1759,11163.039999999999,2423.58,13,9,1240.3377777777778,21.710752626524677,Medium Value
CUST1760,6439.94,972.24,4,1,6439.94,15.09703506554409,Low Value
CUST1761,10341.810000000001,1753.56,9,4,2585.4525000000003,16.956026072805436,Medium Value
CUST1762,8549.759999999998,2279.96,8,5,1709.9519999999998,26.666947376300627,Low Value
CUST1763,9585.0,1751.5500000000002,8,3,3195.0,18.273865414710485,Medium Value
CUST1764,13580.5,2211.59,7,4,3395.125,16.28504105150768,Medium Value
CUST1765,3817.4,516.83,4,1,3817.4,13.538796039188977,Very Low Value
CUST1766,10377.36,2427.17,6,5,2075.472,23.38908932522337,Medium Value
CUST1767,2866.27,594.4,3,3,955.4233333333333,20.737753247251653,Very Low Value
CUST1768,6411.57,1317.45,3,3,2137.19,20.54800930193385,Low Value
CUST1769,12140.68,3073.99,11,7,1734.3828571428571,25.31975144720065,Medium Value
CUST1770,8991.29,2348.67,10,7,1284.47,26.12161325015654,Low Value
CUST1771,11326.039999999999,2612.73,11,6,1887.6733333333332,23.068345158590294,Medium Value
CUST1772,17088.64,3289.97,12,6,2848.1066666666666,19.252380528819142,High Value
CUST1773,5917.27,924.94,3,2,2958.635,15.631194790841047,Low Value
CUST1774,8689.39,2064.89,12,7,1241.3414285714284,23.763348175188362,Low Value
CUST1775,5059.85,882.36,5,4,1264.9625,17.438461614474736,Low Value
CUST1776,12680.21,2957.58,9,5,2536.042,23.32437711993729,Medium Value
CUST1777,28564.62,5235.83,15,6,4760.7699999999995,18.329772984902306,High Value
CUST1778,4031.8,1221.03,5,3,1343.9333333333334,30.284984374224912,Very Low Value
CUST1779,15829.41,3843.44,12,8,1978.67625,24.280374315909437,High Value
CUST1780,802.78,192.04,1,1,802.78,23.92187149654949,Very Low Value
CUST1781,11836.75,2819.21,7,4,2959.1875,23.817432994698713,Medium Value
CUST1782,13930.400000000001,2983.87,11,5,2786.0800000000004,21.419844369149484,Medium Value
CUST1783,5873.64,1686.29,5,3,1957.88,28.709454443922333,Low Value
CUST1784,33055.31,5923.62,18,7,4722.187142857142,17.920328080420365,High Value
CUST1785,7761.67,1338.99,7,4,1940.4175,17.25131318388955,Low Value
CUST1786,2412.07,423.42,1,1,2412.07,17.554216917419478,Very Low Value
CUST1787,4309.75,924.92,5,3,1436.5833333333333,21.461105632577297,Very Low Value
CUST1788,9908.3,1878.5700000000002,5,2,4954.15,18.95955915747404,Medium Value
CUST1789,5890.63,1725.63,10,3,1963.5433333333333,29.294489723510047,Low Value
CUST1790,2908.86,545.0699999999999,3,3,969.62,18.738268600070125,Very Low Value
CUST1791,9525.66,1764.33,3,1,9525.66,18.52186620139707,Medium Value
CUST1792,1206.84,253.41,1,1,1206.84,20.997812468927116,Very Low Value
CUST1793,8640.380000000001,2052.6099999999997,9,4,2160.0950000000003,23.75601536043553,Low Value
CUST1794,9447.41,2153.2,8,4,2361.8525,22.791431725732238,Medium Value
CUST1795,6968.71,1672.48,6,3,2322.903333333333,23.999850761475223,Low Value
CUST1796,29433.36,5301.8099999999995,21,11,2675.76,18.01292818760753,High Value
CUST1797,14526.39,2944.03,7,4,3631.5975,20.266769651647795,High Value
CUST1798,11212.85,2083.38,8,6,1868.8083333333334,18.580289578474694,Medium Value
CUST1799,11876.89,2389.49,8,4,2969.2225,20.11881898375753,Medium Value
CUST1800,17065.010000000002,3047.89,9,6,2844.1683333333335,17.860464189590274,High Value
CUST1801,20295.65,3036.9300000000003,11,6,3382.6083333333336,14.963452759581486,High Value
CUST1802,2570.4,699.63,5,4,642.6,27.218720821661996,Very Low Value
CUST1803,6653.43,1220.51,5,3,2217.81,18.344072155264275,Low Value
CUST1804,15491.34,2799.0099999999998,9,4,3872.835,18.06822392381808,High Value
CUST1805,13577.33,3422.01,13,5,2715.466,25.203850830759805,Medium Value
CUST1806,5098.43,859.6,4,3,1699.4766666666667,16.8600922244691,Low Value
CUST1807,4352.59,1060.74,4,3,1450.8633333333335,24.370317443177512,Very Low Value
CUST1808,25879.45,4919.1900000000005,13,7,3697.0642857142857,19.008093294100146,High Value
CUST1809,15501.72,3014.1800000000003,11,6,2583.62,19.44416490557177,High Value
CUST1810,5143.17,914.28,5,3,1714.39,17.776585257730154,Low Value
CUST1811,8616.22,2057.43,9,7,1230.8885714285714,23.878568560227105,Low Value
CUST1812,14074.41,3064.3,12,5,2814.882,21.7721382281744,Medium Value
CUST1813,17800.63,3643.89,14,6,2966.771666666667,20.470567614741725,High Value
CUST1814,9857.32,2501.46,9,5,1971.464,25.376674390199366,Medium Value
CUST1815,4409.75,880.87,3,2,2204.875,19.9755088156925,Very Low Value
CUST1816,11653.7,2308.29,7,3,3884.566666666667,19.80735731999279,Medium Value
CUST1817,3773.32,839.68,5,4,943.33,22.253082166368078,Very Low Value
CUST1818,4475.37,811.36,4,3,1491.79,18.12945074932352,Very Low Value
CUST1819,22588.91,4771.71,12,5,4517.782,21.124126839232172,High Value
CUST1820,6226.58,1153.04,5,4,1556.645,18.518030764882166,Low Value
CUST1821,14571.94,3204.52,17,7,2081.7057142857143,21.991032079462308,High Value
CUST1822,6406.47,1252.17,8,4,1601.6175,19.545397075144347,Low Value
CUST1823,7005.8,1097.76,3,2,3502.9,15.669302577864055,Low Value
CUST1824,24743.88,4635.13,11,5,4948.776,18.73242999885224,High Value
CUST1825,21502.61,5372.4400000000005,9,5,4300.522,24.98505995318708,High Value
CUST1826,8210.130000000001,1962.68,8,5,1642.0260000000003,23.905589801866718,Low Value
CUST1827,6798.950000000001,1485.8799999999999,3,3,2266.316666666667,21.854551070385863,Low Value
CUST1828,11848.9,2749.25,11,6,1974.8166666666666,23.202575766526852,Medium Value
CUST1829,3245.21,502.22,1,1,3245.21,15.475731924898545,Very Low Value
CUST1830,2498.69,524.98,2,2,1249.345,21.010209349699245,Very Low Value
CUST1831,18457.18,3864.7200000000003,8,3,6152.393333333333,20.938843311925226,High Value
CUST1832,14970.630000000001,3288.55,12,5,2994.126,21.966677421057096,High Value
CUST1833,1738.96,536.23,2,2,869.48,30.836246952201318,Very Low Value
CUST1834,29946.87,5725.0,15,7,4278.124285714285,19.1171898766048,High Value
CUST1835,10193.49,2532.13,13,5,2038.6979999999999,24.84065810630118,Medium Value
CUST1836,2243.83,556.66,2,2,1121.915,24.80847479532763,Very Low Value
CUST1837,7334.68,1663.21,4,3,2444.8933333333334,22.675972230554027,Low Value
CUST1838,12036.26,2899.49,9,4,3009.065,24.089625847231613,Medium Value
CUST1839,3454.4700000000003,683.3800000000001,2,2,1727.2350000000001,19.78248472269263,Very Low Value
CUST1840,3527.21,904.56,4,3,1175.7366666666667,25.64519832955792,Very Low Value
CUST1841,2942.04,928.3999999999999,4,2,1471.02,31.556335060026374,Very Low Value
CUST1842,16563.64,3909.27,12,6,2760.6066666666666,23.601515125902278,High Value
CUST1843,6949.11,1547.9399999999998,3,3,2316.37,22.27537051507315,Low Value
CUST1844,4076.5600000000004,907.14,5,4,1019.1400000000001,22.252585513275896,Very Low Value
CUST1845,16084.210000000001,3499.91,12,7,2297.744285714286,21.759912361253676,High Value
CUST1846,5059.030000000001,1088.6799999999998,5,2,2529.5150000000003,21.51954030713397,Low Value
CUST1847,15061.119999999999,3282.52,8,4,3765.2799999999997,21.79466068924489,High Value
CUST1848,25711.600000000002,6181.88,12,4,6427.900000000001,24.043155618475705,High Value
CUST1849,11795.22,2253.59,7,4,2948.805,19.10595987188031,Medium Value
CUST1850,34627.03,7936.96,21,10,3462.703,22.921284326146367,High Value
CUST1851,10719.57,2126.58,4,2,5359.785,19.838295752534847,Medium Value
CUST1852,10013.09,2073.01,10,5,2002.618,20.702999773296757,Medium Value
CUST1853,1429.83,391.55,1,1,1429.83,27.384374366183394,Very Low Value
CUST1854,8309.2,2401.06,9,6,1384.8666666666668,28.896403985943287,Low Value
CUST1855,13461.99,2974.86,13,8,1682.74875,22.098218762604933,Medium Value
CUST1856,12324.59,2395.75,6,3,4108.196666666667,19.438780519270825,Medium Value
CUST1857,847.03,198.53,1,1,847.03,23.438366999988194,Very Low Value
CUST1858,4967.39,1254.6000000000001,2,2,2483.695,25.256724356251475,Very Low Value
CUST1859,10558.529999999999,3018.33,8,5,2111.7059999999997,28.58664984614336,Medium Value
CUST1860,8814.43,1844.79,7,3,2938.1433333333334,20.92920359002227,Low Value
CUST1861,9909.33,2189.38,11,7,1415.6185714285714,22.094127453621994,Medium Value
CUST1862,13655.58,3585.98,9,5,2731.116,26.26018081985533,Medium Value
CUST1863,18797.08,3948.6499999999996,12,5,3759.416,21.00672019271078,High Value
CUST1864,12314.880000000001,2507.92,9,4,3078.7200000000003,20.364956865190727,Medium Value
CUST1865,16194.3,3069.57,11,6,2699.0499999999997,18.954632185398566,High Value
CUST1866,15641.13,3770.8500000000004,7,3,5213.71,24.10855225933165,High Value
CUST1867,6944.35,1758.73,8,6,1157.3916666666667,25.326056434367505,Low Value
CUST1868,1174.6,281.19,3,2,587.3,23.93921334922527,Very Low Value
CUST1869,7990.4400000000005,1693.27,7,6,1331.74,21.19119848218621,Low Value
CUST1870,13616.93,2999.4,7,4,3404.2325,22.026991399676728,Medium Value
CUST1871,8004.299999999999,1690.04,6,5,1600.86,21.11415114376023,Low Value
CUST1872,11434.32,2566.93,7,4,2858.58,22.44934547922395,Medium Value
CUST1873,10635.74,2574.48,3,2,5317.87,24.20593207430795,Medium Value
CUST1874,5731.82,815.72,5,3,1910.6066666666666,14.231430854423206,Low Value
CUST1875,3879.6,730.68,4,3,1293.2,18.83390040210331,Very Low Value
CUST1876,8593.81,1828.76,11,5,1718.762,21.279967790770336,Low Value
CUST1877,25374.27,5569.11,17,6,4229.045,21.947862933593754,High Value
CUST1878,30540.690000000002,6848.96,20,10,3054.0690000000004,22.42568848313512,High Value
CUST1879,2221.48,360.36,1,1,2221.48,16.22161802041882,Very Low Value
CUST1880,295.54,93.69,1,1,295.54,31.701292549231912,Very Low Value
CUST1881,5407.14,1588.04,7,3,1802.38,29.369315386692406,Low Value
CUST1882,1784.23,553.52,2,2,892.115,31.02290623966641,Very Low Value
CUST1883,19654.97,4208.2,11,5,3930.994,21.410360840031807,High Value
CUST1884,5547.98,1072.92,3,2,2773.99,19.338930565719416,Low Value
CUST1885,11945.85,2802.71,13,5,2389.17,23.46178798494875,Medium Value
CUST1886,14566.220000000001,3248.45,11,8,1820.7775000000001,22.301255919517896,High Value
CUST1887,10745.99,2037.4,11,5,2149.198,18.959630522641472,Medium Value
CUST1888,12600.13,3137.31,8,5,2520.026,24.899028819543926,Medium Value
CUST1889,3284.93,958.93,3,2,1642.465,29.19179404127333,Very Low Value
CUST1890,3771.71,778.24,5,3,1257.2366666666667,20.633611810027812,Very Low Value
CUST1891,7209.31,1068.91,3,2,3604.655,14.826800345664148,Low Value
CUST1892,33417.94,6550.98,12,4,8354.485,19.60318320040074,High Value
CUST1894,7076.44,1505.18,8,5,1415.288,21.270299755244164,Low Value
CUST1895,12805.99,2925.32,8,4,3201.4975,22.84337251551813,Medium Value
CUST1896,18535.72,3661.67,15,6,3089.286666666667,19.754668283724612,High Value
CUST1897,10287.939999999999,2655.34,7,4,2571.9849999999997,25.81022051061729,Medium Value
CUST1898,9505.19,1836.78,9,6,1584.1983333333335,19.323969326231246,Medium Value
CUST1899,2698.3599999999997,587.72,5,3,899.4533333333333,21.780637127736853,Very Low Value
CUST1900,5020.41,1276.05,6,3,1673.47,25.417246798568243,Very Low Value
CUST1901,2798.6000000000004,564.11,3,2,1399.3000000000002,20.156864146358892,Very Low Value
CUST1902,12709.3,2275.43,9,5,2541.8599999999997,17.903661098565617,Medium Value
CUST1903,7221.4400000000005,1322.13,6,3,2407.146666666667,18.308398324987817,Low Value
CUST1904,27556.17,4546.97,12,6,4592.695,16.50073286672277,High Value
CUST1905,7688.66,1554.48,6,3,2562.8866666666668,20.217827293702676,Low Value
CUST1906,4671.74,836.59,4,3,1557.2466666666667,17.90746060354386,Very Low Value
CUST1907,12936.12,2683.59,8,6,2156.02,20.74493743100713,Medium Value
CUST1908,16630.07,3233.59,17,7,2375.7242857142855,19.44423565264608,High Value
CUST1909,9694.56,2001.91,9,5,1938.9119999999998,20.649828357346802,Medium Value
CUST1910,4277.12,994.38,5,3,1425.7066666666667,23.248821636989376,Very Low Value
CUST1911,4728.91,1077.28,7,4,1182.2275,22.78072536800235,Very Low Value
CUST1912,7991.51,2122.04,11,5,1598.3020000000001,26.553680092998693,Low Value
CUST1913,19318.02,3550.61,16,6,3219.67,18.379782192999077,High Value
CUST1914,22115.01,4849.3,14,8,2764.37625,21.927641000388427,High Value
CUST1915,10233.24,2269.45,7,5,2046.648,22.17723809858852,Medium Value
CUST1916,2558.74,692.72,5,3,852.9133333333333,27.072699844454696,Very Low Value
CUST1917,10638.119999999999,2429.63,8,5,2127.624,22.838903866472652,Medium Value
CUST1918,4248.92,991.3399999999999,3,2,2124.46,23.331576024024926,Very Low Value
CUST1919,4306.42,720.1800000000001,3,2,2153.21,16.72340366243887,Very Low Value
CUST1920,7784.79,1576.15,7,4,1946.1975,20.246532019489287,Low Value
CUST1921,8442.26,1806.76,9,5,1688.452,21.40137830391388,Low Value
CUST1922,12044.529999999999,2658.99,8,5,2408.906,22.076328424604363,Medium Value
CUST1923,7695.96,1587.93,6,5,1539.192,20.633293312335304,Low Value
CUST1924,6813.83,1699.62,5,2,3406.915,24.943680719947515,Low Value
CUST1925,16315.6,3889.16,10,6,2719.266666666667,23.837063914290617,High Value
CUST1926,13617.9,3357.33,10,7,1945.4142857142856,24.65380124688829,Medium Value
CUST1927,27694.289999999997,5549.22,11,4,6923.572499999999,20.037415654996032,High Value
CUST1928,11030.41,1832.09,7,3,3676.8033333333333,16.609446067734563,Medium Value
CUST1929,3843.83,802.51,5,5,768.766,20.87787441171956,Very Low Value
CUST1930,14884.39,2642.83,10,5,2976.8779999999997,17.75571588758424,High Value
CUST1931,17416.12,3238.16,10,7,2488.0171428571425,18.59288980553648,High Value
CUST1932,14250.74,3508.1099999999997,12,7,2035.82,24.617037431038664,Medium Value
CUST1933,5658.47,1407.24,7,4,1414.6175,24.86962023303119,Low Value
CUST1934,37113.8,7809.46,21,11,3373.9818181818187,21.04193049485636,High Value
CUST1935,9166.51,1837.06,4,3,3055.5033333333336,20.040997064313462,Medium Value
CUST1936,4826.13,786.7,3,3,1608.71,16.30084560507073,Very Low Value
CUST1937,5323.360000000001,1281.4,5,3,1774.4533333333336,24.0712632623005,Low Value
CUST1938,7740.299999999999,2204.95,6,4,1935.0749999999998,28.486621965556893,Low Value
CUST1939,11312.31,2737.12,6,5,2262.462,24.1959422964894,Medium Value
CUST1940,51586.11,12652.49,21,9,5731.79,24.52693176515926,High Value
CUST1941,11466.26,2309.61,6,4,2866.565,20.142662036269893,Medium Value
CUST1942,2554.46,811.39,2,1,2554.46,31.763660421380642,Very Low Value
CUST1943,8069.39,1379.33,7,4,2017.3475,17.093361456070408,Low Value
CUST1944,5016.26,1108.8799999999999,4,3,1672.0866666666668,22.10571222384804,Very Low Value
CUST1945,8380.03,2126.8199999999997,8,6,1396.6716666666669,25.37962274598062,Low Value
CUST1946,12912.48,2507.09,8,5,2582.496,19.416022328785797,Medium Value
CUST1947,9588.65,2415.37,15,5,1917.73,25.189885958920183,Medium Value
CUST1948,5240.5599999999995,934.1300000000001,6,3,1746.8533333333332,17.825003434747437,Low Value
CUST1949,6389.460000000001,1706.15,4,3,2129.82,26.70256954421813,Low Value
CUST1950,11721.33,2377.37,11,6,1953.555,20.282425287915277,Medium Value
CUST1951,17995.4,2859.49,11,4,4498.85,15.890116363070561,High Value
CUST1952,11930.439999999999,1735.51,5,2,5965.219999999999,14.546906903685027,Medium Value
CUST1953,8470.17,2114.71,7,3,2823.39,24.96655911274508,Low Value
CUST1954,21649.81,4711.81,15,9,2405.5344444444445,21.763747580232806,High Value
CUST1955,22095.83,5216.64,17,7,3156.547142857143,23.609160642528476,High Value
CUST1956,8967.2,2112.12,12,9,996.3555555555556,23.55384066375234,Low Value
CUST1957,8194.02,1972.27,7,4,2048.505,24.069626386071793,Low Value
CUST1958,8299.23,1753.76,7,6,1383.205,21.13159895556576,Low Value
CUST1959,11554.82,1641.26,4,2,5777.41,14.204115685056106,Medium Value
CUST1960,11824.099999999999,2082.69,8,7,1689.1571428571426,17.61394101876676,Medium Value
CUST1961,14022.17,3059.9399999999996,11,5,2804.434,21.82215734083954,Medium Value
CUST1962,9161.42,2263.96,8,5,1832.284,24.711889641562117,Medium Value
CUST1963,1958.83,571.82,2,1,1958.83,29.19191558226084,Very Low Value
CUST1964,18004.51,4587.92,11,6,3000.7516666666666,25.482059772801374,High Value
CUST1965,2973.62,727.22,3,1,2973.62,24.455713910990646,Very Low Value
CUST1966,2874.44,943.7,5,3,958.1466666666666,32.83074268379232,Very Low Value
CUST1967,12976.52,3043.2799999999997,13,6,2162.7533333333336,23.452204443101845,Medium Value
CUST1968,6678.389999999999,1358.6299999999999,7,4,1669.5974999999999,20.343675646375846,Low Value
CUST1969,6775.990000000001,1480.29,6,5,1355.198,21.84610662058238,Low Value
CUST1970,7498.72,1902.9499999999998,6,4,1874.68,25.37699767426974,Low Value
CUST1972,11860.69,2238.05,6,3,3953.5633333333335,18.869475553277255,Medium Value
CUST1973,2664.1,564.4,2,1,2664.1,21.185390938778575,Very Low Value
CUST1974,5172.16,1207.33,3,2,2586.08,23.3428586895997,Low Value
CUST1975,13550.310000000001,2313.07,8,3,4516.77,17.070236769490883,Medium Value
CUST1976,13636.66,2997.77,5,4,3409.165,21.98316889912926,Medium Value
CUST1977,12125.07,2389.99,6,4,3031.2675,19.711143935663873,Medium Value
CUST1978,2169.52,418.73,2,2,1084.76,19.30058261735315,Very Low Value
CUST1979,8937.5,2082.62,11,6,1489.5833333333333,23.302041958041958,Low Value
CUST1980,9542.21,2306.87,9,5,1908.4419999999998,24.175426866522535,Medium Value
CUST1981,3557.79,561.02,3,2,1778.895,15.768777808695846,Very Low Value
CUST1982,9625.94,2110.0099999999998,10,7,1375.1342857142859,21.920041055730657,Medium Value
CUST1983,8670.869999999999,1759.45,9,4,2167.7174999999997,20.291504774030752,Low Value
CUST1984,2960.7299999999996,542.95,5,3,986.9099999999999,18.338382763710307,Very Low Value
CUST1985,33159.03,6273.02,25,12,2763.2525,18.917984030292807,High Value
CUST1986,23328.89,4515.41,14,8,2916.11125,19.35544297221171,High Value
CUST1987,6315.67,1262.85,5,4,1578.9175,19.995503248269777,Low Value
CUST1988,9125.44,2247.59,11,8,1140.68,24.629935652417856,Low Value
CUST1989,10842.710000000001,2007.37,7,3,3614.236666666667,18.513545045472945,Medium Value
CUST1990,13979.76,3639.91,17,9,1553.3066666666666,26.03699920456431,Medium Value
CUST1991,15477.11,3085.86,8,5,3095.422,19.93821844000592,High Value
CUST1992,15080.369999999999,2328.05,11,4,3770.0924999999997,15.4376185730191,High Value
CUST1993,28760.0,5849.18,11,5,5752.0,20.337899860917943,High Value
CUST1994,9812.31,2369.07,9,6,1635.385,24.143856033900278,Medium Value
CUST1995,8140.66,2344.01,7,3,2713.5533333333333,28.793857009136854,Low Value
CUST1996,5227.91,1454.01,5,5,1045.5819999999999,27.812452777496173,Low Value
CUST1997,7708.94,1686.9099999999999,7,4,1927.235,21.882515624716238,Low Value
CUST1998,6570.870000000001,1184.18,7,4,1642.7175000000002,18.021662276076075,Low Value
CUST1999,8387.99,2035.3400000000001,7,4,2096.9975,24.26493116944584,Low Value
CUST2000,1593.48,511.02,2,2,796.74,32.06943293922735,Very Low Value
CUST2001,12049.919999999998,2208.27,6,3,4016.6399999999994,18.32601378266412,Medium Value
CUST2002,2479.1400000000003,537.29,3,3,826.3800000000001,21.672434795937296,Very Low Value
CUST2003,24939.89,4652.12,14,5,4987.978,18.653330066812646,High Value
CUST2004,10723.61,3023.15,9,4,2680.9025,28.19153251563606,Medium Value
CUST2005,4441.73,1253.03,4,4,1110.4325,28.210404504551157,Very Low Value
CUST2006,19282.95,3625.5,8,5,3856.59,18.80158378256439,High Value
CUST2007,2060.46,314.21,2,1,2060.46,15.24950739155334,Very Low Value
CUST2008,8500.18,1663.51,4,2,4250.09,19.57029145265159,Low Value
CUST2009,3062.99,554.53,2,2,1531.495,18.104205367957455,Very Low Value
CUST2010,3348.52,748.9200000000001,6,2,1674.26,22.365701862315294,Very Low Value
CUST2012,6120.7,1256.1299999999999,7,4,1530.175,20.52265263777019,Low Value
CUST2013,10938.92,2186.47,7,5,2187.784,19.98798784523518,Medium Value
CUST2014,1127.1,131.45,1,1,1127.1,11.662674119421524,Very Low Value
CUST2015,11867.08,2755.96,7,5,2373.416,23.223573111498364,Medium Value
CUST2016,5203.28,1415.51,9,3,1734.4266666666665,27.204186589997082,Low Value
CUST2017,19049.51,3919.7799999999997,5,4,4762.3775,20.57680223795783,High Value
CUST2018,4804.5199999999995,1070.34,2,2,2402.2599999999998,22.27777176492137,Very Low Value
CUST2019,7798.91,1465.3700000000001,8,3,2599.6366666666668,18.789420572874928,Low Value
CUST2020,7845.18,2011.44,5,3,2615.06,25.63918227497648,Low Value
CUST2021,18420.34,4540.95,12,6,3070.056666666667,24.651825102033946,High Value
CUST2022,10090.16,2077.2200000000003,8,5,2018.032,20.586591292903186,Medium Value
CUST2023,1376.31,373.26,1,1,1376.31,27.120343527257667,Very Low Value
CUST2024,12879.73,2127.86,8,6,2146.6216666666664,16.520998499192142,Medium Value
CUST2025,4541.55,1087.26,4,3,1513.8500000000001,23.94028470456122,Very Low Value
CUST2026,20985.98,4727.83,15,8,2623.2475,22.528516657311215,High Value
CUST2027,14686.990000000002,3124.8199999999997,5,3,4895.663333333334,21.276108991699452,High Value
CUST2028,15989.869999999999,2740.76,9,6,2664.978333333333,17.140602143732252,High Value
CUST2029,20217.6,4845.3,13,6,3369.6,23.96575261158595,High Value
CUST2030,12459.16,3404.7100000000005,7,4,3114.79,27.32696265237785,Medium Value
CUST2031,6067.48,1503.7,6,5,1213.4959999999999,24.782941188104456,Low Value
CUST2032,12167.689999999999,2673.56,9,6,2027.948333333333,21.972617645584332,Medium Value
CUST2033,4412.08,974.6,2,2,2206.04,22.08935468078548,Very Low Value
CUST2034,5753.2,1173.6999999999998,3,3,1917.7333333333333,20.400820412987553,Low Value
CUST2035,11007.08,2185.11,6,3,3669.0266666666666,19.85185898530764,Medium Value
CUST2036,14798.19,2714.44,3,1,14798.19,18.343054116753468,High Value
CUST2037,9988.35,2505.5099999999998,14,6,1664.7250000000001,25.0843232365706,Medium Value
CUST2038,8195.65,1496.8600000000001,7,3,2731.883333333333,18.26407911514035,Low Value
CUST2039,505.47,176.65,1,1,505.47,34.94767246325202,Very Low Value
CUST2040,10618.82,2356.4900000000002,11,4,2654.705,22.191637112221514,Medium Value
CUST2041,3249.67,905.72,4,3,1083.2233333333334,27.87113768474953,Very Low Value
CUST2042,3013.2,719.21,3,3,1004.4,23.868644630293378,Very Low Value
CUST2043,7029.58,1460.17,6,3,2343.193333333333,20.77179575451165,Low Value
CUST2044,7660.539999999999,1771.76,4,4,1915.1349999999998,23.12839564834855,Low Value
CUST2045,19045.23,4098.780000000001,14,8,2380.65375,21.521294308338625,High Value
CUST2046,11023.619999999999,3087.78,12,5,2204.7239999999997,28.010580916250742,Medium Value
CUST2048,11927.81,2707.14,7,5,2385.562,22.696035567300285,Medium Value
CUST2049,9556.73,2603.79,8,5,1911.346,27.245616439932906,Medium Value
CUST2050,5034.52,1394.6599999999999,5,4,1258.63,27.701945766428572,Very Low Value
CUST2051,12756.4,3649.66,9,3,4252.133333333333,28.61042300335518,Medium Value
CUST2052,13089.48,2481.7200000000003,4,2,6544.74,18.959653095462926,Medium Value
CUST2053,17278.4,2564.96,9,5,3455.6800000000003,14.844893045652373,High Value
CUST2054,4883.91,1058.22,4,3,1627.97,21.667475444879205,Very Low Value
CUST2055,4940.03,889.78,4,3,1646.6766666666665,18.01163150831068,Very Low Value
CUST2056,15015.74,3535.69,4,1,15015.74,23.54655847797045,High Value
CUST2057,1526.26,416.17,3,3,508.75333333333333,27.267307011911473,Very Low Value
CUST2058,11864.509999999998,2113.41,5,2,5932.254999999999,17.812872170869255,Medium Value
CUST2059,35124.79,7248.429999999999,16,6,5854.131666666667,20.63622302083514,High Value
CUST2060,11839.09,2755.65,6,4,2959.7725,23.27585988450126,Medium Value
CUST2061,7999.1,1894.56,4,3,2666.366666666667,23.684664524759032,Low Value
CUST2062,12199.36,2340.42,5,2,6099.68,19.18477690632951,Medium Value
CUST2063,2879.42,762.28,4,3,959.8066666666667,26.47338700154892,Very Low Value
CUST2064,10264.18,2392.9,10,5,2052.8360000000002,23.313114150375384,Medium Value
CUST2065,6325.39,1384.91,3,2,3162.695,21.894460262529268,Low Value
CUST2066,27759.85,6186.5599999999995,14,5,5551.969999999999,22.285999384002434,High Value
CUST2067,5721.38,1372.32,5,3,1907.1266666666668,23.98582160248052,Low Value
CUST2068,16950.04,2800.44,5,3,5650.013333333333,16.521730922168913,High Value
CUST2069,8572.97,2432.67,9,6,1428.8283333333331,28.37604704087382,Low Value
CUST2070,18891.379999999997,5062.849999999999,13,5,3778.2759999999994,26.79978911016559,High Value
CUST2071,11552.43,2523.27,5,3,3850.81,21.841898198041452,Medium Value
CUST2072,6503.73,1561.52,4,4,1625.9325,24.009606794870024,Low Value
CUST2073,8929.99,2198.52,9,5,1785.998,24.61951245186165,Low Value
CUST2074,2991.27,361.84,1,1,2991.27,12.096534247994999,Very Low Value
CUST2075,5488.65,1563.75,8,3,1829.55,28.490612445683368,Low Value
CUST2076,37586.11,6985.51,17,11,3416.9190909090908,18.58534974755302,High Value
CUST2077,11842.97,1973.09,5,2,5921.485,16.66043230709864,Medium Value
CUST2078,4600.48,842.64,6,2,2300.24,18.316349598302786,Very Low Value
CUST2079,1013.06,268.14,3,2,506.53,26.46832369257497,Very Low Value
CUST2080,7501.07,1723.1599999999999,7,3,2500.3566666666666,22.97218930099306,Low Value
CUST2081,4399.64,1206.13,5,4,1099.91,27.414288441781604,Very Low Value
CUST2082,12524.52,2199.24,7,5,2504.904,17.55947533318642,Medium Value
CUST2083,25419.5,4327.35,11,7,3631.3571428571427,17.023741615688746,High Value
CUST2084,11177.43,2912.76,15,6,1862.905,26.059299856943863,Medium Value
CUST2085,350.12,83.03,1,1,350.12,23.71472637952702,Very Low Value
CUST2086,8030.65,1638.18,6,3,2676.883333333333,20.3990959635895,Low Value
CUST2087,10947.77,2234.06,6,4,2736.9425,20.406530279682528,Medium Value
CUST2088,9907.23,2123.25,3,3,3302.41,21.43131834024243,Medium Value
CUST2089,26033.29,5236.34,15,7,3719.0414285714287,20.114015554699385,High Value
CUST2090,6254.1,1345.61,9,6,1042.3500000000001,21.51564573639692,Low Value
CUST2091,2144.89,510.12,2,1,2144.89,23.783037824783555,Very Low Value
CUST2092,10464.560000000001,1431.1599999999999,7,3,3488.186666666667,13.67625585786693,Medium Value
CUST2093,3898.0,950.42,5,3,1299.3333333333333,24.382247306310926,Very Low Value
CUST2094,27676.579999999998,4985.86,9,4,6919.1449999999995,18.014725807885224,High Value
CUST2095,4807.54,1140.26,4,2,2403.77,23.718159391289518,Very Low Value
CUST2096,4647.6,1327.95,9,5,929.5200000000001,28.572811773818746,Very Low Value
CUST2097,10268.95,2059.08,7,5,2053.79,20.051514517063573,Medium Value
CUST2098,8193.4,1602.77,6,3,2731.133333333333,19.561720409109775,Low Value
CUST2099,9141.16,1994.8600000000001,7,6,1523.5266666666666,21.822832113211017,Medium Value
CUST2100,6196.43,1281.31,5,2,3098.215,20.67819696179897,Low Value
CUST2101,18549.12,4093.56,17,8,2318.64,22.068755822378634,High Value
CUST2102,5102.89,1139.55,7,3,1700.9633333333334,22.331463151273102,Low Value
CUST2103,2932.59,516.64,3,1,2932.59,17.61719162924241,Very Low Value
CUST2104,4778.639999999999,1248.57,8,6,796.4399999999999,26.12814524634624,Very Low Value
CUST2105,23744.489999999998,5483.639999999999,13,7,3392.0699999999997,23.09436841978918,High Value
CUST2106,6949.7699999999995,1111.3200000000002,9,5,1389.954,15.990745017461014,Low Value
CUST2107,2397.52,697.0,2,1,2397.52,29.071707431012044,Very Low Value
CUST2108,2665.87,700.91,2,1,2665.87,26.29197972894402,Very Low Value
CUST2109,8279.41,2293.63,9,5,1655.882,27.702819403798102,Low Value
CUST2110,8242.48,1713.1799999999998,8,4,2060.62,20.784763808950704,Low Value
CUST2111,7616.4,1414.04,5,4,1904.1,18.56572658999002,Low Value
CUST2112,24610.52,5502.65,13,6,4101.753333333333,22.358934309392893,High Value
CUST2113,11588.91,2232.09,8,7,1655.5585714285714,19.260568940478443,Medium Value
CUST2114,23979.63,4407.7300000000005,12,7,3425.6614285714286,18.381142661500615,High Value
CUST2115,4393.27,734.07,4,2,2196.635,16.708966214232223,Very Low Value
CUST2116,10978.2,2327.3399999999997,12,4,2744.55,21.199650215882382,Medium Value
CUST2117,8965.779999999999,2144.5,7,4,2241.4449999999997,23.91872207437613,Low Value
CUST2118,3961.9500000000003,706.0699999999999,4,2,1980.9750000000001,17.821274877270028,Very Low Value
CUST2119,9418.93,1995.6799999999998,5,4,2354.7325,21.187969334096334,Medium Value
CUST2120,1148.53,260.05,2,2,574.265,22.64198584277294,Very Low Value
CUST2121,22381.370000000003,4247.6,12,6,3730.228333333334,18.978284171165573,High Value
CUST2122,2822.85,577.06,2,2,1411.425,20.442460633756664,Very Low Value
CUST2123,28443.41,6781.9,12,5,5688.682,23.84348430796448,High Value
CUST2124,5545.79,1456.83,6,4,1386.4475,26.269115851844372,Low Value
CUST2125,764.53,186.41,1,1,764.53,24.382300236746758,Very Low Value
CUST2127,726.3,217.35,2,1,726.3,29.92565055762082,Very Low Value
CUST2128,13548.61,3167.86,7,3,4516.203333333334,23.38143912918004,Medium Value
CUST2129,7658.200000000001,1804.25,10,6,1276.3666666666668,23.559713770859993,Low Value
CUST2130,5451.85,1220.51,9,5,1090.3700000000001,22.387079615176496,Low Value
CUST2131,8082.7699999999995,1139.75,6,3,2694.2566666666667,14.100982707660863,Low Value
CUST2132,14557.11,3287.37,12,7,2079.587142857143,22.582573051931323,High Value
CUST2133,4804.2,1088.84,4,3,1601.3999999999999,22.664335373215103,Very Low Value
CUST2134,9088.57,1116.33,4,2,4544.285,12.282790361960132,Low Value
CUST2135,9730.86,1550.99,7,5,1946.172,15.938878989112986,Medium Value
CUST2136,13026.3,3037.03,8,6,2171.0499999999997,23.314601997497373,Medium Value
CUST2137,7051.66,1077.64,7,4,1762.915,15.282075426211703,Low Value
CUST2138,7264.87,1578.44,6,3,2421.6233333333334,21.727023332833213,Low Value
CUST2139,5539.4,1289.03,4,3,1846.4666666666665,23.270209770011192,Low Value
CUST2140,10509.24,2105.42,5,4,2627.31,20.03398913717833,Medium Value
CUST2141,16291.92,3118.13,8,4,4072.98,19.139119268938224,High Value
CUST2142,8279.65,2128.5699999999997,7,4,2069.9125,25.708453859764603,Low Value
CUST2143,3853.02,974.76,5,5,770.604,25.298596944734257,Very Low Value
CUST2144,3163.24,671.53,2,2,1581.62,21.2291827366877,Very Low Value
CUST2145,16326.04,3028.9900000000002,11,5,3265.208,18.553121271294202,High Value
CUST2146,9259.67,2163.56,2,1,9259.67,23.3654115103454,Medium Value
CUST2147,599.18,168.18,1,1,599.18,28.06836009212591,Very Low Value
CUST2148,24124.309999999998,5361.14,16,10,2412.4309999999996,22.22297756909939,High Value
CUST2149,1549.68,331.38,2,1,1549.68,21.383769552423725,Very Low Value
CUST2150,3236.3199999999997,974.9200000000001,6,3,1078.7733333333333,30.124338755129287,Very Low Value
CUST2151,2990.71,749.31,4,2,1495.355,25.054585700385523,Very Low Value
CUST2152,7920.35,1667.24,8,5,1584.0700000000002,21.05007985758205,Low Value
CUST2153,4531.75,963.76,4,2,2265.875,21.266839521156285,Very Low Value
CUST2154,819.64,273.95,2,1,819.64,33.423210189839445,Very Low Value
CUST2155,14569.59,3106.29,12,3,4856.53,21.320366599197367,High Value
CUST2156,8186.04,2075.83,3,2,4093.02,25.358170739453996,Low Value
CUST2157,9866.15,1994.04,9,5,1973.23,20.2109232071274,Medium Value
CUST2158,9728.09,2574.78,9,6,1621.3483333333334,26.467477171777816,Medium Value
CUST2159,5261.7,810.64,4,2,2630.85,15.406427580439782,Low Value
CUST2160,10987.54,2185.45,8,5,2197.5080000000003,19.890257509870267,Medium Value
CUST2161,20778.989999999998,3560.0699999999997,10,4,5194.7474999999995,17.133027158682882,High Value
CUST2162,9938.01,2065.17,12,6,1656.335,20.780518433770947,Medium Value
CUST2163,5359.6900000000005,990.95,5,3,1786.5633333333335,18.488942457492875,Low Value
CUST2164,29711.14,6758.73,11,5,5942.228,22.748134201514986,High Value
CUST2165,18404.3,4578.360000000001,13,8,2300.5375,24.87657775628522,High Value
CUST2166,7500.67,1725.25,8,4,1875.1675,23.001278552449314,Low Value
CUST2167,4528.72,1021.36,7,3,1509.5733333333335,22.55295094419615,Very Low Value
CUST2168,6119.0,1476.22,7,6,1019.8333333333334,24.125183853570846,Low Value
CUST2169,4591.2300000000005,1031.68,5,4,1147.8075000000001,22.470666901897747,Very Low Value
CUST2170,29986.28,5470.87,11,7,4283.754285714285,18.244577186633354,High Value
CUST2171,2579.94,603.05,4,3,859.98,23.374574602510133,Very Low Value
CUST2172,1968.35,478.85,2,2,984.175,24.327482409124396,Very Low Value
CUST2173,11577.74,2825.2400000000002,13,8,1447.2175,24.402344499012763,Medium Value
CUST2174,19063.53,4596.7,13,8,2382.94125,24.112533198206208,High Value
CUST2175,4209.23,1021.36,5,4,1052.3075,24.264770516222686,Very Low Value
CUST2176,5823.469999999999,966.46,5,3,1941.1566666666665,16.595947089965264,Low Value
CUST2177,6840.0599999999995,1665.73,6,5,1368.012,24.35256415879393,Low Value
CUST2178,2187.41,684.4,3,3,729.1366666666667,31.288144426513547,Very Low Value
CUST2179,14091.050000000001,2857.38,6,3,4697.016666666667,20.277977865382635,Medium Value
CUST2180,12716.26,2205.52,12,4,3179.065,17.34409331045449,Medium Value
CUST2181,11098.54,2288.75,6,5,2219.708,20.622081823374966,Medium Value
CUST2182,9390.349999999999,1722.79,4,3,3130.1166666666663,18.346387514842366,Medium Value
CUST2183,17033.010000000002,2855.7400000000002,9,4,4258.2525000000005,16.76591512598184,High Value
CUST2184,7751.42,1629.04,7,4,1937.855,21.016020290475808,Low Value
CUST2185,12184.52,2501.15,13,6,2030.7533333333333,20.52727559230893,Medium Value
CUST2186,689.88,214.37,2,2,344.94,31.073520032469414,Very Low Value
CUST2187,6363.09,1201.9,2,1,6363.09,18.888621723093653,Low Value
CUST2188,18389.96,4024.7400000000002,13,8,2298.745,21.885528842912112,High Value
CUST2189,5252.0599999999995,1452.92,7,3,1750.6866666666665,27.663811913801446,Low Value
CUST2190,5330.6,1074.66,8,5,1066.1200000000001,20.160207106141897,Low Value
CUST2191,7684.51,1912.82,9,4,1921.1275,24.891892911844735,Low Value
CUST2192,4282.31,701.3299999999999,4,2,2141.155,16.37737576214706,Very Low Value
CUST2193,4418.53,710.74,4,1,4418.53,16.08544018033147,Very Low Value
CUST2194,2523.23,488.87,2,2,1261.615,19.37476964050047,Very Low Value
CUST2195,6766.09,1790.44,5,4,1691.5225,26.46195956601228,Low Value
CUST2196,12236.58,2654.87,6,4,3059.145,21.69617654606107,Medium Value
CUST2197,411.3,126.91,1,1,411.3,30.85582300024313,Very Low Value
CUST2198,8620.93,1899.38,7,6,1436.8216666666667,22.032193742438462,Low Value
CUST2199,1451.6599999999999,327.98,2,2,725.8299999999999,22.59344474601491,Very Low Value
CUST2200,563.96,190.95,1,1,563.96,33.85878431094403,Very Low Value
